receptor_id,receptor_name,category,farm_id,operator,distance_mi,distance_m,within_1mi
dora_l_small_elementary,Dora L. Small Elementary,school,global,Global Companies LLC,1.966,3164.0,N
dora_l_small_elementary,Dora L. Small Elementary,school,citgo,CITGO Petroleum Corp.,1.201,1932.8,N
dora_l_small_elementary,Dora L. Small Elementary,school,buckeye,South Portland Terminal LLC (Buckeye Terminals),2.044,3289.5,N
dora_l_small_elementary,Dora L. Small Elementary,school,gulf_sunoco,Gulf Oil LP / Sunoco Midstream LLC,0.281,452.2,Y
dora_l_small_elementary,Dora L. Small Elementary,school,sprague,Sprague Operating Resources LLC,2.425,3902.7,N
dora_l_small_elementary,Dora L. Small Elementary,school,pplc,Portland Pipe Line Corp.,1.753,2821.2,N
frank_i_brown_elementary,Frank I. Brown Elementary,school,global,Global Companies LLC,1.125,1810.5,N
frank_i_brown_elementary,Frank I. Brown Elementary,school,citgo,CITGO Petroleum Corp.,0.482,775.7,Y
frank_i_brown_elementary,Frank I. Brown Elementary,school,buckeye,South Portland Terminal LLC (Buckeye Terminals),1.368,2201.6,N
frank_i_brown_elementary,Frank I. Brown Elementary,school,gulf_sunoco,Gulf Oil LP / Sunoco Midstream LLC,0.675,1086.3,Y
frank_i_brown_elementary,Frank I. Brown Elementary,school,sprague,Sprague Operating Resources LLC,1.628,2620.0,N
frank_i_brown_elementary,Frank I. Brown Elementary,school,pplc,Portland Pipe Line Corp.,0.853,1372.8,Y
skillin_elementary,Skillin Elementary,school,global,Global Companies LLC,1.48,2381.8,N
skillin_elementary,Skillin Elementary,school,citgo,CITGO Petroleum Corp.,1.942,3125.3,N
skillin_elementary,Skillin Elementary,school,buckeye,South Portland Terminal LLC (Buckeye Terminals),1.241,1997.2,N
skillin_elementary,Skillin Elementary,school,gulf_sunoco,Gulf Oil LP / Sunoco Midstream LLC,3.159,5083.9,N
skillin_elementary,Skillin Elementary,school,sprague,Sprague Operating Resources LLC,0.797,1282.6,Y
skillin_elementary,Skillin Elementary,school,pplc,Portland Pipe Line Corp.,1.517,2441.4,N
dyer_elementary,Dyer Elementary,school,global,Global Companies LLC,0.521,838.5,Y
dyer_elementary,Dyer Elementary,school,citgo,CITGO Petroleum Corp.,0.903,1453.2,Y
dyer_elementary,Dyer Elementary,school,buckeye,South Portland Terminal LLC (Buckeye Terminals),1.019,1639.9,N
dyer_elementary,Dyer Elementary,school,gulf_sunoco,Gulf Oil LP / Sunoco Midstream LLC,2.039,3281.5,N
dyer_elementary,Dyer Elementary,school,sprague,Sprague Operating Resources LLC,0.969,1559.5,Y
dyer_elementary,Dyer Elementary,school,pplc,Portland Pipe Line Corp.,0.164,263.9,Y
kaler_elementary_closed_as_school_summer_camp_use_2026,Kaler Elementary (closed as school; summer camp use 2026),school,global,Global Companies LLC,0.331,532.7,Y
kaler_elementary_closed_as_school_summer_camp_use_2026,Kaler Elementary (closed as school; summer camp use 2026),school,citgo,CITGO Petroleum Corp.,0.391,629.3,Y
kaler_elementary_closed_as_school_summer_camp_use_2026,Kaler Elementary (closed as school; summer camp use 2026),school,buckeye,South Portland Terminal LLC (Buckeye Terminals),0.86,1384.0,Y
kaler_elementary_closed_as_school_summer_camp_use_2026,Kaler Elementary (closed as school; summer camp use 2026),school,gulf_sunoco,Gulf Oil LP / Sunoco Midstream LLC,1.518,2443.0,N
kaler_elementary_closed_as_school_summer_camp_use_2026,Kaler Elementary (closed as school; summer camp use 2026),school,sprague,Sprague Operating Resources LLC,0.824,1326.1,Y
kaler_elementary_closed_as_school_summer_camp_use_2026,Kaler Elementary (closed as school; summer camp use 2026),school,pplc,Portland Pipe Line Corp.,0.042,67.6,Y
south_portland_middle_school,South Portland Middle School,school,global,Global Companies LLC,1.351,2174.2,N
south_portland_middle_school,South Portland Middle School,school,citgo,CITGO Petroleum Corp.,1.802,2900.0,N
south_portland_middle_school,South Portland Middle School,school,buckeye,South Portland Terminal LLC (Buckeye Terminals),1.094,1760.6,N
south_portland_middle_school,South Portland Middle School,school,gulf_sunoco,Gulf Oil LP / Sunoco Midstream LLC,3.017,4855.4,N
south_portland_middle_school,South Portland Middle School,school,sprague,Sprague Operating Resources LLC,0.653,1050.9,Y
south_portland_middle_school,South Portland Middle School,school,pplc,Portland Pipe Line Corp.,1.386,2230.6,N
south_portland_high_school,South Portland High School,school,global,Global Companies LLC,0.658,1058.9,Y
south_portland_high_school,South Portland High School,school,citgo,CITGO Petroleum Corp.,0.856,1377.6,Y
south_portland_high_school,South Portland High School,school,buckeye,South Portland Terminal LLC (Buckeye Terminals),1.194,1921.6,N
south_portland_high_school,South Portland High School,school,gulf_sunoco,Gulf Oil LP / Sunoco Midstream LLC,1.873,3014.3,N
south_portland_high_school,South Portland High School,school,sprague,Sprague Operating Resources LLC,1.171,1884.5,N
south_portland_high_school,South Portland High School,school,pplc,Portland Pipe Line Corp.,0.18,289.7,Y
betsy_ross_house_spha_123_units_62,"Betsy Ross House (SPHA, 123 units, 62+)",senior_housing,global,Global Companies LLC,1.963,3159.1,N
betsy_ross_house_spha_123_units_62,"Betsy Ross House (SPHA, 123 units, 62+)",senior_housing,citgo,CITGO Petroleum Corp.,1.174,1889.4,N
betsy_ross_house_spha_123_units_62,"Betsy Ross House (SPHA, 123 units, 62+)",senior_housing,buckeye,South Portland Terminal LLC (Buckeye Terminals),1.957,3149.5,N
betsy_ross_house_spha_123_units_62,"Betsy Ross House (SPHA, 123 units, 62+)",senior_housing,gulf_sunoco,Gulf Oil LP / Sunoco Midstream LLC,0.005,8.0,Y
betsy_ross_house_spha_123_units_62,"Betsy Ross House (SPHA, 123 units, 62+)",senior_housing,sprague,Sprague Operating Resources LLC,2.375,3822.2,N
betsy_ross_house_spha_123_units_62,"Betsy Ross House (SPHA, 123 units, 62+)",senior_housing,pplc,Portland Pipe Line Corp.,1.826,2938.7,N
ridgeland_estates_spha,Ridgeland Estates (SPHA),senior_housing,global,Global Companies LLC,0.485,780.5,Y
ridgeland_estates_spha,Ridgeland Estates (SPHA),senior_housing,citgo,CITGO Petroleum Corp.,0.912,1467.7,Y
ridgeland_estates_spha,Ridgeland Estates (SPHA),senior_housing,buckeye,South Portland Terminal LLC (Buckeye Terminals),0.292,469.9,Y
ridgeland_estates_spha,Ridgeland Estates (SPHA),senior_housing,gulf_sunoco,Gulf Oil LP / Sunoco Midstream LLC,2.128,3424.7,N
ridgeland_estates_spha,Ridgeland Estates (SPHA),senior_housing,sprague,Sprague Operating Resources LLC,0.088,141.6,Y
ridgeland_estates_spha,Ridgeland Estates (SPHA),senior_housing,pplc,Portland Pipe Line Corp.,0.531,854.6,Y
thornton_heights_commons_spha_elderly_preference,"Thornton Heights Commons (SPHA, elderly preference)",senior_housing,global,Global Companies LLC,1.417,2280.4,N
thornton_heights_commons_spha_elderly_preference,"Thornton Heights Commons (SPHA, elderly preference)",senior_housing,citgo,CITGO Petroleum Corp.,1.917,3085.1,N
thornton_heights_commons_spha_elderly_preference,"Thornton Heights Commons (SPHA, elderly preference)",senior_housing,buckeye,South Portland Terminal LLC (Buckeye Terminals),1.277,2055.1,N
thornton_heights_commons_spha_elderly_preference,"Thornton Heights Commons (SPHA, elderly preference)",senior_housing,gulf_sunoco,Gulf Oil LP / Sunoco Midstream LLC,3.143,5058.2,N
thornton_heights_commons_spha_elderly_preference,"Thornton Heights Commons (SPHA, elderly preference)",senior_housing,sprague,Sprague Operating Resources LLC,0.826,1329.3,Y
thornton_heights_commons_spha_elderly_preference,"Thornton Heights Commons (SPHA, elderly preference)",senior_housing,pplc,Portland Pipe Line Corp.,1.426,2294.9,N
linton_street_facility_assisted_living_rcc610,"Linton Street Facility (assisted living, RCC610)",senior_housing,global,Global Companies LLC,1.408,2266.0,N
linton_street_facility_assisted_living_rcc610,"Linton Street Facility (assisted living, RCC610)",senior_housing,citgo,CITGO Petroleum Corp.,1.811,2914.5,N
linton_street_facility_assisted_living_rcc610,"Linton Street Facility (assisted living, RCC610)",senior_housing,buckeye,South Portland Terminal LLC (Buckeye Terminals),1.042,1676.9,N
linton_street_facility_assisted_living_rcc610,"Linton Street Facility (assisted living, RCC610)",senior_housing,gulf_sunoco,Gulf Oil LP / Sunoco Midstream LLC,2.933,4720.2,N
linton_street_facility_assisted_living_rcc610,"Linton Street Facility (assisted living, RCC610)",senior_housing,sprague,Sprague Operating Resources LLC,0.68,1094.4,Y
linton_street_facility_assisted_living_rcc610,"Linton Street Facility (assisted living, RCC610)",senior_housing,pplc,Portland Pipe Line Corp.,1.465,2357.7,N
albany_street_assisted_living_rcc1301,"Albany Street (assisted living, RCC1301)",senior_housing,global,Global Companies LLC,2.125,3419.9,N
albany_street_assisted_living_rcc1301,"Albany Street (assisted living, RCC1301)",senior_housing,citgo,CITGO Petroleum Corp.,2.64,4248.7,N
albany_street_assisted_living_rcc1301,"Albany Street (assisted living, RCC1301)",senior_housing,buckeye,South Portland Terminal LLC (Buckeye Terminals),2.006,3228.3,N
albany_street_assisted_living_rcc1301,"Albany Street (assisted living, RCC1301)",senior_housing,gulf_sunoco,Gulf Oil LP / Sunoco Midstream LLC,3.869,6226.6,N
albany_street_assisted_living_rcc1301,"Albany Street (assisted living, RCC1301)",senior_housing,sprague,Sprague Operating Resources LLC,1.555,2502.5,N
albany_street_assisted_living_rcc1301,"Albany Street (assisted living, RCC1301)",senior_housing,pplc,Portland Pipe Line Corp.,2.11,3395.7,N
gordon_green_assisted_living,Gordon Green (assisted living),senior_housing,global,Global Companies LLC,1.399,2251.5,N
gordon_green_assisted_living,Gordon Green (assisted living),senior_housing,citgo,CITGO Petroleum Corp.,0.619,996.2,Y
gordon_green_assisted_living,Gordon Green (assisted living),senior_housing,buckeye,South Portland Terminal LLC (Buckeye Terminals),1.458,2346.4,N
gordon_green_assisted_living,Gordon Green (assisted living),senior_housing,gulf_sunoco,Gulf Oil LP / Sunoco Midstream LLC,0.256,412.0,Y
gordon_green_assisted_living,Gordon Green (assisted living),senior_housing,sprague,Sprague Operating Resources LLC,1.841,2962.8,N
gordon_green_assisted_living,Gordon Green (assisted living),senior_housing,pplc,Portland Pipe Line Corp.,1.262,2031.0,N
sawyer_street_house_assisted_living,Sawyer Street House (assisted living),senior_housing,global,Global Companies LLC,1.672,2690.8,N
sawyer_street_house_assisted_living,Sawyer Street House (assisted living),senior_housing,citgo,CITGO Petroleum Corp.,0.931,1498.3,Y
sawyer_street_house_assisted_living,Sawyer Street House (assisted living),senior_housing,buckeye,South Portland Terminal LLC (Buckeye Terminals),1.806,2906.5,N
sawyer_street_house_assisted_living,Sawyer Street House (assisted living),senior_housing,gulf_sunoco,Gulf Oil LP / Sunoco Midstream LLC,0.499,803.1,Y
sawyer_street_house_assisted_living,Sawyer Street House (assisted living),senior_housing,sprague,Sprague Operating Resources LLC,2.149,3458.5,N
sawyer_street_house_assisted_living,Sawyer Street House (assisted living),senior_housing,pplc,Portland Pipe Line Corp.,1.433,2306.2,N
one_willow_manor_residential_care,One Willow Manor (residential care),senior_housing,global,Global Companies LLC,1.826,2938.7,N
one_willow_manor_residential_care,One Willow Manor (residential care),senior_housing,citgo,CITGO Petroleum Corp.,1.04,1673.7,N
one_willow_manor_residential_care,One Willow Manor (residential care),senior_housing,buckeye,South Portland Terminal LLC (Buckeye Terminals),1.751,2818.0,N
one_willow_manor_residential_care,One Willow Manor (residential care),senior_housing,gulf_sunoco,Gulf Oil LP / Sunoco Midstream LLC,0.133,214.0,Y
one_willow_manor_residential_care,One Willow Manor (residential care),senior_housing,sprague,Sprague Operating Resources LLC,2.192,3527.7,N
one_willow_manor_residential_care,One Willow Manor (residential care),senior_housing,pplc,Portland Pipe Line Corp.,1.763,2837.3,N
colony_lane_assisted_living_rcc213,"Colony Lane (assisted living, RCC213)",senior_housing,global,Global Companies LLC,1.813,2917.7,N
colony_lane_assisted_living_rcc213,"Colony Lane (assisted living, RCC213)",senior_housing,citgo,CITGO Petroleum Corp.,2.23,3588.8,N
colony_lane_assisted_living_rcc213,"Colony Lane (assisted living, RCC213)",senior_housing,buckeye,South Portland Terminal LLC (Buckeye Terminals),1.474,2372.2,N
colony_lane_assisted_living_rcc213,"Colony Lane (assisted living, RCC213)",senior_housing,gulf_sunoco,Gulf Oil LP / Sunoco Midstream LLC,3.379,5438.0,N
colony_lane_assisted_living_rcc213,"Colony Lane (assisted living, RCC213)",senior_housing,sprague,Sprague Operating Resources LLC,1.078,1734.9,N
colony_lane_assisted_living_rcc213,"Colony Lane (assisted living, RCC213)",senior_housing,pplc,Portland Pipe Line Corp.,1.849,2975.7,N
pride_house_assisted_living,Pride House (assisted living),senior_housing,global,Global Companies LLC,1.865,3001.4,N
pride_house_assisted_living,Pride House (assisted living),senior_housing,citgo,CITGO Petroleum Corp.,2.238,3601.7,N
pride_house_assisted_living,Pride House (assisted living),senior_housing,buckeye,South Portland Terminal LLC (Buckeye Terminals),1.459,2348.0,N
pride_house_assisted_living,Pride House (assisted living),senior_housing,gulf_sunoco,Gulf Oil LP / Sunoco Midstream LLC,3.226,5191.7,N
pride_house_assisted_living,Pride House (assisted living),senior_housing,sprague,Sprague Operating Resources LLC,1.018,1638.3,N
pride_house_assisted_living,Pride House (assisted living),senior_housing,pplc,Portland Pipe Line Corp.,1.945,3130.2,N
wescott_residential_care,Wescott (residential care),senior_housing,global,Global Companies LLC,1.577,2537.9,N
wescott_residential_care,Wescott (residential care),senior_housing,citgo,CITGO Petroleum Corp.,2.032,3270.2,N
wescott_residential_care,Wescott (residential care),senior_housing,buckeye,South Portland Terminal LLC (Buckeye Terminals),1.319,2122.7,N
wescott_residential_care,Wescott (residential care),senior_housing,gulf_sunoco,Gulf Oil LP / Sunoco Midstream LLC,3.246,5223.9,N
wescott_residential_care,Wescott (residential care),senior_housing,sprague,Sprague Operating Resources LLC,0.881,1417.8,Y
wescott_residential_care,Wescott (residential care),senior_housing,pplc,Portland Pipe Line Corp.,1.613,2595.9,N
wilson_street_assisted_living,Wilson Street (assisted living),senior_housing,global,Global Companies LLC,1.353,2177.4,N
wilson_street_assisted_living,Wilson Street (assisted living),senior_housing,citgo,CITGO Petroleum Corp.,1.86,2993.4,N
wilson_street_assisted_living,Wilson Street (assisted living),senior_housing,buckeye,South Portland Terminal LLC (Buckeye Terminals),1.243,2000.4,N
wilson_street_assisted_living,Wilson Street (assisted living),senior_housing,gulf_sunoco,Gulf Oil LP / Sunoco Midstream LLC,3.089,4971.3,N
wilson_street_assisted_living,Wilson Street (assisted living),senior_housing,sprague,Sprague Operating Resources LLC,0.796,1281.0,Y
wilson_street_assisted_living,Wilson Street (assisted living),senior_housing,pplc,Portland Pipe Line Corp.,1.355,2180.7,N
youth_amp_family_outreach,Youth &amp; Family Outreach,childcare_center,global,Global Companies LLC,0.06,96.6,Y
youth_amp_family_outreach,Youth &amp; Family Outreach,childcare_center,citgo,CITGO Petroleum Corp.,0.561,902.8,Y
youth_amp_family_outreach,Youth &amp; Family Outreach,childcare_center,buckeye,South Portland Terminal LLC (Buckeye Terminals),0.594,956.0,Y
youth_amp_family_outreach,Youth &amp; Family Outreach,childcare_center,gulf_sunoco,Gulf Oil LP / Sunoco Midstream LLC,1.78,2864.6,N
youth_amp_family_outreach,Youth &amp; Family Outreach,childcare_center,sprague,Sprague Operating Resources LLC,0.572,920.5,Y
youth_amp_family_outreach,Youth &amp; Family Outreach,childcare_center,pplc,Portland Pipe Line Corp.,0.121,194.7,Y
the_opportunity_alliance_lydia_lane,The Opportunity Alliance- Lydia Lane,childcare_center,global,Global Companies LLC,1.352,2175.8,N
the_opportunity_alliance_lydia_lane,The Opportunity Alliance- Lydia Lane,childcare_center,citgo,CITGO Petroleum Corp.,1.723,2772.9,N
the_opportunity_alliance_lydia_lane,The Opportunity Alliance- Lydia Lane,childcare_center,buckeye,South Portland Terminal LLC (Buckeye Terminals),0.949,1527.3,Y
the_opportunity_alliance_lydia_lane,The Opportunity Alliance- Lydia Lane,childcare_center,gulf_sunoco,Gulf Oil LP / Sunoco Midstream LLC,2.706,4354.9,N
the_opportunity_alliance_lydia_lane,The Opportunity Alliance- Lydia Lane,childcare_center,sprague,Sprague Operating Resources LLC,0.494,795.0,Y
the_opportunity_alliance_lydia_lane,The Opportunity Alliance- Lydia Lane,childcare_center,pplc,Portland Pipe Line Corp.,1.467,2360.9,N
the_children_s_nursery_school,The Children's Nursery School,childcare_nursery,global,Global Companies LLC,1.233,1984.3,N
the_children_s_nursery_school,The Children's Nursery School,childcare_nursery,citgo,CITGO Petroleum Corp.,0.54,869.0,Y
the_children_s_nursery_school,The Children's Nursery School,childcare_nursery,buckeye,South Portland Terminal LLC (Buckeye Terminals),0.825,1327.7,Y
the_children_s_nursery_school,The Children's Nursery School,childcare_nursery,gulf_sunoco,Gulf Oil LP / Sunoco Midstream LLC,0.588,946.3,Y
the_children_s_nursery_school,The Children's Nursery School,childcare_nursery,sprague,Sprague Operating Resources LLC,1.264,2034.2,N
the_children_s_nursery_school,The Children's Nursery School,childcare_nursery,pplc,Portland Pipe Line Corp.,1.577,2537.9,N
catherine_morrill_day_nursery,Catherine Morrill Day Nursery,childcare_center,global,Global Companies LLC,1.309,2106.6,N
catherine_morrill_day_nursery,Catherine Morrill Day Nursery,childcare_center,citgo,CITGO Petroleum Corp.,0.495,796.6,Y
catherine_morrill_day_nursery,Catherine Morrill Day Nursery,childcare_center,buckeye,South Portland Terminal LLC (Buckeye Terminals),0.951,1530.5,Y
catherine_morrill_day_nursery,Catherine Morrill Day Nursery,childcare_center,gulf_sunoco,Gulf Oil LP / Sunoco Midstream LLC,0.323,519.8,Y
catherine_morrill_day_nursery,Catherine Morrill Day Nursery,childcare_center,sprague,Sprague Operating Resources LLC,1.447,2328.7,N
catherine_morrill_day_nursery,Catherine Morrill Day Nursery,childcare_center,pplc,Portland Pipe Line Corp.,1.573,2531.5,N
stacie_archibald,Stacie Archibald,childcare_family,global,Global Companies LLC,1.229,1977.9,N
stacie_archibald,Stacie Archibald,childcare_family,citgo,CITGO Petroleum Corp.,0.664,1068.6,Y
stacie_archibald,Stacie Archibald,childcare_family,buckeye,South Portland Terminal LLC (Buckeye Terminals),1.53,2462.3,N
stacie_archibald,Stacie Archibald,childcare_family,gulf_sunoco,Gulf Oil LP / Sunoco Midstream LLC,0.847,1363.1,Y
stacie_archibald,Stacie Archibald,childcare_family,sprague,Sprague Operating Resources LLC,1.746,2809.9,N
stacie_archibald,Stacie Archibald,childcare_family,pplc,Portland Pipe Line Corp.,0.876,1409.8,Y
goldman_family_preschool,Goldman Family Preschool,childcare_center,global,Global Companies LLC,1.765,2840.5,N
goldman_family_preschool,Goldman Family Preschool,childcare_center,citgo,CITGO Petroleum Corp.,1.668,2684.4,N
goldman_family_preschool,Goldman Family Preschool,childcare_center,buckeye,South Portland Terminal LLC (Buckeye Terminals),1.263,2032.6,N
goldman_family_preschool,Goldman Family Preschool,childcare_center,gulf_sunoco,Gulf Oil LP / Sunoco Midstream LLC,2.129,3426.3,N
goldman_family_preschool,Goldman Family Preschool,childcare_center,sprague,Sprague Operating Resources LLC,1.227,1974.7,N
goldman_family_preschool,Goldman Family Preschool,childcare_center,pplc,Portland Pipe Line Corp.,2.125,3419.9,N
spring_point_childrens_center,Spring Point Childrens Center,childcare_center,global,Global Companies LLC,2.08,3347.4,N
spring_point_childrens_center,Spring Point Childrens Center,childcare_center,citgo,CITGO Petroleum Corp.,1.29,2076.1,N
spring_point_childrens_center,Spring Point Childrens Center,childcare_center,buckeye,South Portland Terminal LLC (Buckeye Terminals),2.063,3320.1,N
spring_point_childrens_center,Spring Point Childrens Center,childcare_center,gulf_sunoco,Gulf Oil LP / Sunoco Midstream LLC,0.009,14.5,Y
spring_point_childrens_center,Spring Point Childrens Center,childcare_center,sprague,Sprague Operating Resources LLC,2.487,4002.4,N
spring_point_childrens_center,Spring Point Childrens Center,childcare_center,pplc,Portland Pipe Line Corp.,1.944,3128.6,N
the_opportuinity_alliance_east_end,The Opportuinity Alliance- East End,childcare_center,global,Global Companies LLC,2.24,3604.9,N
the_opportuinity_alliance_east_end,The Opportuinity Alliance- East End,childcare_center,citgo,CITGO Petroleum Corp.,1.429,2299.8,N
the_opportuinity_alliance_east_end,The Opportuinity Alliance- East End,childcare_center,buckeye,South Portland Terminal LLC (Buckeye Terminals),1.856,2986.9,N
the_opportuinity_alliance_east_end,The Opportuinity Alliance- East End,childcare_center,gulf_sunoco,Gulf Oil LP / Sunoco Midstream LLC,0.46,740.3,Y
the_opportuinity_alliance_east_end,The Opportuinity Alliance- East End,childcare_center,sprague,Sprague Operating Resources LLC,2.292,3688.6,N
the_opportuinity_alliance_east_end,The Opportuinity Alliance- East End,childcare_center,pplc,Portland Pipe Line Corp.,2.471,3976.7,N
bright_horizons_children_s_center_llc,"Bright Horizons Children's Center, LLC.",childcare_center,global,Global Companies LLC,2.853,4591.5,N
bright_horizons_children_s_center_llc,"Bright Horizons Children's Center, LLC.",childcare_center,citgo,CITGO Petroleum Corp.,3.069,4939.1,N
bright_horizons_children_s_center_llc,"Bright Horizons Children's Center, LLC.",childcare_center,buckeye,South Portland Terminal LLC (Buckeye Terminals),2.479,3989.6,N
bright_horizons_children_s_center_llc,"Bright Horizons Children's Center, LLC.",childcare_center,gulf_sunoco,Gulf Oil LP / Sunoco Midstream LLC,3.789,6097.8,N
bright_horizons_children_s_center_llc,"Bright Horizons Children's Center, LLC.",childcare_center,sprague,Sprague Operating Resources LLC,2.047,3294.3,N
bright_horizons_children_s_center_llc,"Bright Horizons Children's Center, LLC.",childcare_center,pplc,Portland Pipe Line Corp.,3.063,4929.4,N
the_children_s_center_minis,The Children's Center-Minis,childcare_center,global,Global Companies LLC,3.188,5130.6,N
the_children_s_center_minis,The Children's Center-Minis,childcare_center,citgo,CITGO Petroleum Corp.,2.86,4602.7,N
the_children_s_center_minis,The Children's Center-Minis,childcare_center,buckeye,South Portland Terminal LLC (Buckeye Terminals),2.695,4337.2,N
the_children_s_center_minis,The Children's Center-Minis,childcare_center,gulf_sunoco,Gulf Oil LP / Sunoco Midstream LLC,2.646,4258.3,N
the_children_s_center_minis,The Children's Center-Minis,childcare_center,sprague,Sprague Operating Resources LLC,2.76,4441.8,N
the_children_s_center_minis,The Children's Center-Minis,childcare_center,pplc,Portland Pipe Line Corp.,3.575,5753.4,N
the_children_s_center_portland,The Children's Center - Portland,childcare_center,global,Global Companies LLC,3.306,5320.5,N
the_children_s_center_portland,The Children's Center - Portland,childcare_center,citgo,CITGO Petroleum Corp.,2.999,4826.4,N
the_children_s_center_portland,The Children's Center - Portland,childcare_center,buckeye,South Portland Terminal LLC (Buckeye Terminals),2.811,4523.9,N
the_children_s_center_portland,The Children's Center - Portland,childcare_center,gulf_sunoco,Gulf Oil LP / Sunoco Midstream LLC,2.818,4535.1,N
the_children_s_center_portland,The Children's Center - Portland,childcare_center,sprague,Sprague Operating Resources LLC,2.86,4602.7,N
the_children_s_center_portland,The Children's Center - Portland,childcare_center,pplc,Portland Pipe Line Corp.,3.692,5941.7,N
children_s_odyssey,Children's Odyssey,childcare_center,global,Global Companies LLC,4.221,6793.0,N
children_s_odyssey,Children's Odyssey,childcare_center,citgo,CITGO Petroleum Corp.,3.93,6324.7,N
children_s_odyssey,Children's Odyssey,childcare_center,buckeye,South Portland Terminal LLC (Buckeye Terminals),3.724,5993.2,N
children_s_odyssey,Children's Odyssey,childcare_center,gulf_sunoco,Gulf Oil LP / Sunoco Midstream LLC,3.697,5949.7,N
children_s_odyssey,Children's Odyssey,childcare_center,sprague,Sprague Operating Resources LLC,3.751,6036.6,N
children_s_odyssey,Children's Odyssey,childcare_center,pplc,Portland Pipe Line Corp.,4.604,7409.4,N
first_lutheran_children_s_program,First Lutheran Children's Program,childcare_center,global,Global Companies LLC,4.744,7634.7,N
first_lutheran_children_s_program,First Lutheran Children's Program,childcare_center,citgo,CITGO Petroleum Corp.,4.325,6960.4,N
first_lutheran_children_s_program,First Lutheran Children's Program,childcare_center,buckeye,South Portland Terminal LLC (Buckeye Terminals),4.257,6851.0,N
first_lutheran_children_s_program,First Lutheran Children's Program,childcare_center,gulf_sunoco,Gulf Oil LP / Sunoco Midstream LLC,3.855,6204.0,N
first_lutheran_children_s_program,First Lutheran Children's Program,childcare_center,sprague,Sprague Operating Resources LLC,4.339,6982.9,N
first_lutheran_children_s_program,First Lutheran Children's Program,childcare_center,pplc,Portland Pipe Line Corp.,5.132,8259.2,N
st_elizabeths_child_dev_center,St. Elizabeths Child Dev Center,childcare_center,global,Global Companies LLC,4.819,7755.4,N
st_elizabeths_child_dev_center,St. Elizabeths Child Dev Center,childcare_center,citgo,CITGO Petroleum Corp.,4.835,7781.2,N
st_elizabeths_child_dev_center,St. Elizabeths Child Dev Center,childcare_center,buckeye,South Portland Terminal LLC (Buckeye Terminals),5.354,8616.4,N
st_elizabeths_child_dev_center,St. Elizabeths Child Dev Center,childcare_center,gulf_sunoco,Gulf Oil LP / Sunoco Midstream LLC,5.05,8127.2,N
st_elizabeths_child_dev_center,St. Elizabeths Child Dev Center,childcare_center,sprague,Sprague Operating Resources LLC,5.319,8560.1,N
st_elizabeths_child_dev_center,St. Elizabeths Child Dev Center,childcare_center,pplc,Portland Pipe Line Corp.,4.21,6775.3,N
jennifer_wescott,Jennifer Wescott,childcare_family,global,Global Companies LLC,4.936,7943.7,N
jennifer_wescott,Jennifer Wescott,childcare_family,citgo,CITGO Petroleum Corp.,4.801,7726.5,N
jennifer_wescott,Jennifer Wescott,childcare_family,buckeye,South Portland Terminal LLC (Buckeye Terminals),4.435,7137.4,N
jennifer_wescott,Jennifer Wescott,childcare_family,gulf_sunoco,Gulf Oil LP / Sunoco Midstream LLC,4.898,7882.6,N
jennifer_wescott,Jennifer Wescott,childcare_family,sprague,Sprague Operating Resources LLC,4.345,6992.6,N
jennifer_wescott,Jennifer Wescott,childcare_family,pplc,Portland Pipe Line Corp.,5.285,8505.4,N
julie_higgins,Julie Higgins,childcare_family,global,Global Companies LLC,5.136,8265.6,N
julie_higgins,Julie Higgins,childcare_family,citgo,CITGO Petroleum Corp.,5.003,8051.5,N
julie_higgins,Julie Higgins,childcare_family,buckeye,South Portland Terminal LLC (Buckeye Terminals),4.635,7459.3,N
julie_higgins,Julie Higgins,childcare_family,gulf_sunoco,Gulf Oil LP / Sunoco Midstream LLC,5.096,8201.2,N
julie_higgins,Julie Higgins,childcare_family,sprague,Sprague Operating Resources LLC,4.541,7308.0,N
julie_higgins,Julie Higgins,childcare_family,pplc,Portland Pipe Line Corp.,5.483,8824.0,N
love_amp_laughter_daycare,Love &amp; Laughter Daycare,childcare_center,global,Global Companies LLC,5.9,9495.1,N
love_amp_laughter_daycare,Love &amp; Laughter Daycare,childcare_center,citgo,CITGO Petroleum Corp.,6.07,9768.7,N
love_amp_laughter_daycare,Love &amp; Laughter Daycare,childcare_center,buckeye,South Portland Terminal LLC (Buckeye Terminals),5.503,8856.2,N
love_amp_laughter_daycare,Love &amp; Laughter Daycare,childcare_center,gulf_sunoco,Gulf Oil LP / Sunoco Midstream LLC,6.66,10718.2,N
love_amp_laughter_daycare,Love &amp; Laughter Daycare,childcare_center,sprague,Sprague Operating Resources LLC,5.096,8201.2,N
love_amp_laughter_daycare,Love &amp; Laughter Daycare,childcare_center,pplc,Portland Pipe Line Corp.,6.112,9836.3,N
three_little_birds_preschool,THREE LITTLE BIRDS PRESCHOOL,childcare_family,global,Global Companies LLC,6.157,9908.7,N
three_little_birds_preschool,THREE LITTLE BIRDS PRESCHOOL,childcare_family,citgo,CITGO Petroleum Corp.,6.522,10496.1,N
three_little_birds_preschool,THREE LITTLE BIRDS PRESCHOOL,childcare_family,buckeye,South Portland Terminal LLC (Buckeye Terminals),5.751,9255.3,N
three_little_birds_preschool,THREE LITTLE BIRDS PRESCHOOL,childcare_family,gulf_sunoco,Gulf Oil LP / Sunoco Midstream LLC,7.356,11838.3,N
three_little_birds_preschool,THREE LITTLE BIRDS PRESCHOOL,childcare_family,sprague,Sprague Operating Resources LLC,5.299,8527.9,N
three_little_birds_preschool,THREE LITTLE BIRDS PRESCHOOL,childcare_family,pplc,Portland Pipe Line Corp.,6.228,10023.0,N
winfield_children_s_house,Winfield Children's House,childcare_center,global,Global Companies LLC,8.666,13946.6,N
winfield_children_s_house,Winfield Children's House,childcare_center,citgo,CITGO Petroleum Corp.,8.119,13066.3,N
winfield_children_s_house,Winfield Children's House,childcare_center,buckeye,South Portland Terminal LLC (Buckeye Terminals),8.192,13183.7,N
winfield_children_s_house,Winfield Children's House,childcare_center,gulf_sunoco,Gulf Oil LP / Sunoco Midstream LLC,7.382,11880.2,N
winfield_children_s_house,Winfield Children's House,childcare_center,sprague,Sprague Operating Resources LLC,8.318,13386.5,N
winfield_children_s_house,Winfield Children's House,childcare_center,pplc,Portland Pipe Line Corp.,9.051,14566.2,N
breakwater_school,Breakwater School,childcare_center,global,Global Companies LLC,3.084,4963.2,N
breakwater_school,Breakwater School,childcare_center,citgo,CITGO Petroleum Corp.,2.994,4818.4,N
breakwater_school,Breakwater School,childcare_center,buckeye,South Portland Terminal LLC (Buckeye Terminals),2.586,4161.8,N
breakwater_school,Breakwater School,childcare_center,gulf_sunoco,Gulf Oil LP / Sunoco Midstream LLC,3.304,5317.3,N
breakwater_school,Breakwater School,childcare_center,sprague,Sprague Operating Resources LLC,2.486,4000.8,N
breakwater_school,Breakwater School,childcare_center,pplc,Portland Pipe Line Corp.,3.427,5515.2,N
glickman_lauder_ctr_of_excellence_in_autism_amp_developmenta,Glickman Lauder Ctr. Of Excellence In Autism &amp; Developmental Disorders,childcare_center,global,Global Companies LLC,3.367,5418.7,N
glickman_lauder_ctr_of_excellence_in_autism_amp_developmenta,Glickman Lauder Ctr. Of Excellence In Autism &amp; Developmental Disorders,childcare_center,citgo,CITGO Petroleum Corp.,3.599,5792.0,N
glickman_lauder_ctr_of_excellence_in_autism_amp_developmenta,Glickman Lauder Ctr. Of Excellence In Autism &amp; Developmental Disorders,childcare_center,buckeye,South Portland Terminal LLC (Buckeye Terminals),2.994,4818.4,N
glickman_lauder_ctr_of_excellence_in_autism_amp_developmenta,Glickman Lauder Ctr. Of Excellence In Autism &amp; Developmental Disorders,childcare_center,gulf_sunoco,Gulf Oil LP / Sunoco Midstream LLC,4.319,6950.8,N
glickman_lauder_ctr_of_excellence_in_autism_amp_developmenta,Glickman Lauder Ctr. Of Excellence In Autism &amp; Developmental Disorders,childcare_center,sprague,Sprague Operating Resources LLC,2.545,4095.8,N
glickman_lauder_ctr_of_excellence_in_autism_amp_developmenta,Glickman Lauder Ctr. Of Excellence In Autism &amp; Developmental Disorders,childcare_center,pplc,Portland Pipe Line Corp.,3.559,5727.7,N
children_s_enrichment_on_the_cape,Children's Enrichment On The Cape,childcare_center,global,Global Companies LLC,4.488,7222.7,N
children_s_enrichment_on_the_cape,Children's Enrichment On The Cape,childcare_center,citgo,CITGO Petroleum Corp.,4.461,7179.3,N
children_s_enrichment_on_the_cape,Children's Enrichment On The Cape,childcare_center,buckeye,South Portland Terminal LLC (Buckeye Terminals),5.025,8087.0,N
children_s_enrichment_on_the_cape,Children's Enrichment On The Cape,childcare_center,gulf_sunoco,Gulf Oil LP / Sunoco Midstream LLC,4.602,7406.2,N
children_s_enrichment_on_the_cape,Children's Enrichment On The Cape,childcare_center,sprague,Sprague Operating Resources LLC,4.999,8045.1,N
children_s_enrichment_on_the_cape,Children's Enrichment On The Cape,childcare_center,pplc,Portland Pipe Line Corp.,3.855,6204.0,N
art_play_nursery_school,Art Play Nursery School,childcare_nursery,global,Global Companies LLC,4.672,7518.9,N
art_play_nursery_school,Art Play Nursery School,childcare_nursery,citgo,CITGO Petroleum Corp.,4.201,6760.9,N
art_play_nursery_school,Art Play Nursery School,childcare_nursery,buckeye,South Portland Terminal LLC (Buckeye Terminals),4.192,6746.4,N
art_play_nursery_school,Art Play Nursery School,childcare_nursery,gulf_sunoco,Gulf Oil LP / Sunoco Midstream LLC,3.656,5883.8,N
art_play_nursery_school,Art Play Nursery School,childcare_nursery,sprague,Sprague Operating Resources LLC,4.3,6920.2,N
art_play_nursery_school,Art Play Nursery School,childcare_nursery,pplc,Portland Pipe Line Corp.,5.059,8141.7,N
brilliant_stars_montessori_home,Brilliant Stars Montessori Home,childcare_family,global,Global Companies LLC,4.886,7863.3,N
brilliant_stars_montessori_home,Brilliant Stars Montessori Home,childcare_family,citgo,CITGO Petroleum Corp.,4.462,7180.9,N
brilliant_stars_montessori_home,Brilliant Stars Montessori Home,childcare_family,buckeye,South Portland Terminal LLC (Buckeye Terminals),4.4,7081.1,N
brilliant_stars_montessori_home,Brilliant Stars Montessori Home,childcare_family,gulf_sunoco,Gulf Oil LP / Sunoco Midstream LLC,3.976,6398.8,N
brilliant_stars_montessori_home,Brilliant Stars Montessori Home,childcare_family,sprague,Sprague Operating Resources LLC,4.483,7214.7,N
brilliant_stars_montessori_home,Brilliant Stars Montessori Home,childcare_family,pplc,Portland Pipe Line Corp.,5.275,8489.3,N
ketcha_outdoors,Ketcha Outdoors,childcare_center,global,Global Companies LLC,5.023,8083.7,N
ketcha_outdoors,Ketcha Outdoors,childcare_center,citgo,CITGO Petroleum Corp.,5.464,8793.5,N
ketcha_outdoors,Ketcha Outdoors,childcare_center,buckeye,South Portland Terminal LLC (Buckeye Terminals),5.324,8568.1,N
ketcha_outdoors,Ketcha Outdoors,childcare_center,gulf_sunoco,Gulf Oil LP / Sunoco Midstream LLC,6.491,10446.3,N
ketcha_outdoors,Ketcha Outdoors,childcare_center,sprague,Sprague Operating Resources LLC,4.957,7977.5,N
ketcha_outdoors,Ketcha Outdoors,childcare_center,pplc,Portland Pipe Line Corp.,4.719,7594.5,N
portside_learning_center,Portside Learning Center,childcare_center,global,Global Companies LLC,5.649,9091.2,N
portside_learning_center,Portside Learning Center,childcare_center,citgo,CITGO Petroleum Corp.,5.282,8500.6,N
portside_learning_center,Portside Learning Center,childcare_center,buckeye,South Portland Terminal LLC (Buckeye Terminals),5.156,8297.8,N
portside_learning_center,Portside Learning Center,childcare_center,gulf_sunoco,Gulf Oil LP / Sunoco Midstream LLC,4.849,7803.7,N
portside_learning_center,Portside Learning Center,childcare_center,sprague,Sprague Operating Resources LLC,5.209,8383.1,N
portside_learning_center,Portside Learning Center,childcare_center,pplc,Portland Pipe Line Corp.,6.036,9714.0,N
pine_grove_montessori_school_falmouth,Pine Grove Montessori School Falmouth,childcare_center,global,Global Companies LLC,5.696,9166.8,N
pine_grove_montessori_school_falmouth,Pine Grove Montessori School Falmouth,childcare_center,citgo,CITGO Petroleum Corp.,4.928,7930.8,N
pine_grove_montessori_school_falmouth,Pine Grove Montessori School Falmouth,childcare_center,buckeye,South Portland Terminal LLC (Buckeye Terminals),5.276,8490.9,N
pine_grove_montessori_school_falmouth,Pine Grove Montessori School Falmouth,childcare_center,gulf_sunoco,Gulf Oil LP / Sunoco Midstream LLC,3.941,6342.4,N
pine_grove_montessori_school_falmouth,Pine Grove Montessori School Falmouth,childcare_center,sprague,Sprague Operating Resources LLC,5.585,8988.2,N
pine_grove_montessori_school_falmouth,Pine Grove Montessori School Falmouth,childcare_center,pplc,Portland Pipe Line Corp.,5.983,9628.7,N
blais_nursery_school,Blais Nursery School,childcare_nursery,global,Global Companies LLC,6.16,9913.6,N
blais_nursery_school,Blais Nursery School,childcare_nursery,citgo,CITGO Petroleum Corp.,6.173,9934.5,N
blais_nursery_school,Blais Nursery School,childcare_nursery,buckeye,South Portland Terminal LLC (Buckeye Terminals),5.692,9160.4,N
blais_nursery_school,Blais Nursery School,childcare_nursery,gulf_sunoco,Gulf Oil LP / Sunoco Midstream LLC,6.526,10502.6,N
blais_nursery_school,Blais Nursery School,childcare_nursery,sprague,Sprague Operating Resources LLC,5.447,8766.1,N
blais_nursery_school,Blais Nursery School,childcare_nursery,pplc,Portland Pipe Line Corp.,6.451,10381.9,N
davinci_childcare,Davinci Childcare,childcare_center,global,Global Companies LLC,6.661,10719.8,N
davinci_childcare,Davinci Childcare,childcare_center,citgo,CITGO Petroleum Corp.,6.136,9874.9,N
davinci_childcare,Davinci Childcare,childcare_center,buckeye,South Portland Terminal LLC (Buckeye Terminals),6.185,9953.8,N
davinci_childcare,Davinci Childcare,childcare_center,gulf_sunoco,Gulf Oil LP / Sunoco Midstream LLC,5.455,8779.0,N
davinci_childcare,Davinci Childcare,childcare_center,sprague,Sprague Operating Resources LLC,6.307,10150.1,N
davinci_childcare,Davinci Childcare,childcare_center,pplc,Portland Pipe Line Corp.,7.047,11341.0,N
apple_blossom_childcare,APPLE BLOSSOM CHILDCARE,childcare_family,global,Global Companies LLC,6.668,10731.1,N
apple_blossom_childcare,APPLE BLOSSOM CHILDCARE,childcare_family,citgo,CITGO Petroleum Corp.,6.342,10206.5,N
apple_blossom_childcare,APPLE BLOSSOM CHILDCARE,childcare_family,buckeye,South Portland Terminal LLC (Buckeye Terminals),6.172,9932.9,N
apple_blossom_childcare,APPLE BLOSSOM CHILDCARE,childcare_family,gulf_sunoco,Gulf Oil LP / Sunoco Midstream LLC,5.939,9557.9,N
apple_blossom_childcare,APPLE BLOSSOM CHILDCARE,childcare_family,sprague,Sprague Operating Resources LLC,6.2,9977.9,N
apple_blossom_childcare,APPLE BLOSSOM CHILDCARE,childcare_family,pplc,Portland Pipe Line Corp.,7.052,11349.1,N
sunny_days_childcare_amp_education_center,Sunny Days Childcare &amp; Education Center,childcare_center,global,Global Companies LLC,7.766,12498.2,N
sunny_days_childcare_amp_education_center,Sunny Days Childcare &amp; Education Center,childcare_center,citgo,CITGO Petroleum Corp.,7.958,12807.2,N
sunny_days_childcare_amp_education_center,Sunny Days Childcare &amp; Education Center,childcare_center,buckeye,South Portland Terminal LLC (Buckeye Terminals),7.384,11883.4,N
sunny_days_childcare_amp_education_center,Sunny Days Childcare &amp; Education Center,childcare_center,gulf_sunoco,Gulf Oil LP / Sunoco Midstream LLC,8.558,13772.8,N
sunny_days_childcare_amp_education_center,Sunny Days Childcare &amp; Education Center,childcare_center,sprague,Sprague Operating Resources LLC,6.947,11180.1,N
sunny_days_childcare_amp_education_center,Sunny Days Childcare &amp; Education Center,childcare_center,pplc,Portland Pipe Line Corp.,7.959,12808.8,N
julia_churchill,Julia Churchill,childcare_family,global,Global Companies LLC,8.504,13685.9,N
julia_churchill,Julia Churchill,childcare_family,citgo,CITGO Petroleum Corp.,8.623,13877.4,N
julia_churchill,Julia Churchill,childcare_family,buckeye,South Portland Terminal LLC (Buckeye Terminals),8.082,13006.7,N
julia_churchill,Julia Churchill,childcare_family,gulf_sunoco,Gulf Oil LP / Sunoco Midstream LLC,9.111,14662.7,N
julia_churchill,Julia Churchill,childcare_family,sprague,Sprague Operating Resources LLC,7.719,12422.5,N
julia_churchill,Julia Churchill,childcare_family,pplc,Portland Pipe Line Corp.,8.737,14060.8,N
creative_explorations_brook_campus,Creative Explorations- Brook Campus,childcare_center,global,Global Companies LLC,8.644,13911.2,N
creative_explorations_brook_campus,Creative Explorations- Brook Campus,childcare_center,citgo,CITGO Petroleum Corp.,8.801,14163.8,N
creative_explorations_brook_campus,Creative Explorations- Brook Campus,childcare_center,buckeye,South Portland Terminal LLC (Buckeye Terminals),8.242,13264.2,N
creative_explorations_brook_campus,Creative Explorations- Brook Campus,childcare_center,gulf_sunoco,Gulf Oil LP / Sunoco Midstream LLC,9.345,15039.3,N
creative_explorations_brook_campus,Creative Explorations- Brook Campus,childcare_center,sprague,Sprague Operating Resources LLC,7.84,12617.3,N
creative_explorations_brook_campus,Creative Explorations- Brook Campus,childcare_center,pplc,Portland Pipe Line Corp.,8.855,14250.7,N
kidz_go_eco,Kidz Go Eco,childcare_center,global,Global Companies LLC,8.851,14244.3,N
kidz_go_eco,Kidz Go Eco,childcare_center,citgo,CITGO Petroleum Corp.,9.382,15098.9,N
kidz_go_eco,Kidz Go Eco,childcare_center,buckeye,South Portland Terminal LLC (Buckeye Terminals),8.774,14120.4,N
kidz_go_eco,Kidz Go Eco,childcare_center,gulf_sunoco,Gulf Oil LP / Sunoco Midstream LLC,10.613,17080.0,N
kidz_go_eco,Kidz Go Eco,childcare_center,sprague,Sprague Operating Resources LLC,8.322,13393.0,N
kidz_go_eco,Kidz Go Eco,childcare_center,pplc,Portland Pipe Line Corp.,8.771,14115.6,N
storeytime_learning_center_amp_aftercare,Storeytime Learning Center &amp; Aftercare,childcare_center,global,Global Companies LLC,9.516,15314.5,N
storeytime_learning_center_amp_aftercare,Storeytime Learning Center &amp; Aftercare,childcare_center,citgo,CITGO Petroleum Corp.,8.763,14102.7,N
storeytime_learning_center_amp_aftercare,Storeytime Learning Center &amp; Aftercare,childcare_center,buckeye,South Portland Terminal LLC (Buckeye Terminals),9.09,14628.9,N
storeytime_learning_center_amp_aftercare,Storeytime Learning Center &amp; Aftercare,childcare_center,gulf_sunoco,Gulf Oil LP / Sunoco Midstream LLC,7.778,12517.5,N
storeytime_learning_center_amp_aftercare,Storeytime Learning Center &amp; Aftercare,childcare_center,sprague,Sprague Operating Resources LLC,9.361,15065.1,N
storeytime_learning_center_amp_aftercare,Storeytime Learning Center &amp; Aftercare,childcare_center,pplc,Portland Pipe Line Corp.,9.821,15805.4,N
toddle_inn_day_care_south_portland,Toddle Inn Day Care - South Portland,childcare_center,global,Global Companies LLC,1.754,2822.8,N
toddle_inn_day_care_south_portland,Toddle Inn Day Care - South Portland,childcare_center,citgo,CITGO Petroleum Corp.,2.221,3574.4,N
toddle_inn_day_care_south_portland,Toddle Inn Day Care - South Portland,childcare_center,buckeye,South Portland Terminal LLC (Buckeye Terminals),2.074,3337.8,N
toddle_inn_day_care_south_portland,Toddle Inn Day Care - South Portland,childcare_center,gulf_sunoco,Gulf Oil LP / Sunoco Midstream LLC,3.342,5378.4,N
toddle_inn_day_care_south_portland,Toddle Inn Day Care - South Portland,childcare_center,sprague,Sprague Operating Resources LLC,1.756,2826.0,N
toddle_inn_day_care_south_portland,Toddle Inn Day Care - South Portland,childcare_center,pplc,Portland Pipe Line Corp.,1.485,2389.9,N
chickadee_toddler_care_amp_preschool_units_b1_b2_f,Chickadee Toddler Care &amp; Preschool Units  B1-B2-F,childcare_center,global,Global Companies LLC,2.252,3624.2,N
chickadee_toddler_care_amp_preschool_units_b1_b2_f,Chickadee Toddler Care &amp; Preschool Units  B1-B2-F,childcare_center,citgo,CITGO Petroleum Corp.,2.622,4219.7,N
chickadee_toddler_care_amp_preschool_units_b1_b2_f,Chickadee Toddler Care &amp; Preschool Units  B1-B2-F,childcare_center,buckeye,South Portland Terminal LLC (Buckeye Terminals),1.845,2969.2,N
chickadee_toddler_care_amp_preschool_units_b1_b2_f,Chickadee Toddler Care &amp; Preschool Units  B1-B2-F,childcare_center,gulf_sunoco,Gulf Oil LP / Sunoco Midstream LLC,3.557,5724.4,N
chickadee_toddler_care_amp_preschool_units_b1_b2_f,Chickadee Toddler Care &amp; Preschool Units  B1-B2-F,childcare_center,sprague,Sprague Operating Resources LLC,1.394,2243.4,N
chickadee_toddler_care_amp_preschool_units_b1_b2_f,Chickadee Toddler Care &amp; Preschool Units  B1-B2-F,childcare_center,pplc,Portland Pipe Line Corp.,2.338,3762.6,N
community_montessori_of_greater_portland,Community Montessori Of Greater Portland,childcare_center,global,Global Companies LLC,3.212,5169.2,N
community_montessori_of_greater_portland,Community Montessori Of Greater Portland,childcare_center,citgo,CITGO Petroleum Corp.,2.578,4148.9,N
community_montessori_of_greater_portland,Community Montessori Of Greater Portland,childcare_center,buckeye,South Portland Terminal LLC (Buckeye Terminals),2.769,4456.3,N
community_montessori_of_greater_portland,Community Montessori Of Greater Portland,childcare_center,gulf_sunoco,Gulf Oil LP / Sunoco Midstream LLC,1.883,3030.4,N
community_montessori_of_greater_portland,Community Montessori Of Greater Portland,childcare_center,sprague,Sprague Operating Resources LLC,2.992,4815.2,N
community_montessori_of_greater_portland,Community Montessori Of Greater Portland,childcare_center,pplc,Portland Pipe Line Corp.,3.582,5764.7,N
waypoint_little_dolphin_school_scarborough,Waypoint Little Dolphin School Scarborough,childcare_center,global,Global Companies LLC,8.174,13154.8,N
waypoint_little_dolphin_school_scarborough,Waypoint Little Dolphin School Scarborough,childcare_center,citgo,CITGO Petroleum Corp.,8.706,14010.9,N
waypoint_little_dolphin_school_scarborough,Waypoint Little Dolphin School Scarborough,childcare_center,buckeye,South Portland Terminal LLC (Buckeye Terminals),8.111,13053.4,N
waypoint_little_dolphin_school_scarborough,Waypoint Little Dolphin School Scarborough,childcare_center,gulf_sunoco,Gulf Oil LP / Sunoco Midstream LLC,9.935,15988.8,N
waypoint_little_dolphin_school_scarborough,Waypoint Little Dolphin School Scarborough,childcare_center,sprague,Sprague Operating Resources LLC,7.659,12326.0,N
waypoint_little_dolphin_school_scarborough,Waypoint Little Dolphin School Scarborough,childcare_center,pplc,Portland Pipe Line Corp.,8.087,13014.8,N
cape_care_part_of_ce_community_services,Cape Care Part Of Ce Community Services,childcare_center,global,Global Companies LLC,3.542,5700.3,N
cape_care_part_of_ce_community_services,Cape Care Part Of Ce Community Services,childcare_center,citgo,CITGO Petroleum Corp.,3.48,5600.5,N
cape_care_part_of_ce_community_services,Cape Care Part Of Ce Community Services,childcare_center,buckeye,South Portland Terminal LLC (Buckeye Terminals),4.078,6562.9,N
cape_care_part_of_ce_community_services,Cape Care Part Of Ce Community Services,childcare_center,gulf_sunoco,Gulf Oil LP / Sunoco Midstream LLC,3.65,5874.1,N
cape_care_part_of_ce_community_services,Cape Care Part Of Ce Community Services,childcare_center,sprague,Sprague Operating Resources LLC,4.049,6516.2,N
cape_care_part_of_ce_community_services,Cape Care Part Of Ce Community Services,childcare_center,pplc,Portland Pipe Line Corp.,2.891,4652.6,N
toddle_inn_child_care_westbrook,Toddle Inn Child Care - Westbrook,childcare_center,global,Global Companies LLC,4.054,6524.3,N
toddle_inn_child_care_westbrook,Toddle Inn Child Care - Westbrook,childcare_center,citgo,CITGO Petroleum Corp.,4.377,7044.1,N
toddle_inn_child_care_westbrook,Toddle Inn Child Care - Westbrook,childcare_center,buckeye,South Portland Terminal LLC (Buckeye Terminals),3.66,5890.2,N
toddle_inn_child_care_westbrook,Toddle Inn Child Care - Westbrook,childcare_center,gulf_sunoco,Gulf Oil LP / Sunoco Midstream LLC,5.183,8341.2,N
toddle_inn_child_care_westbrook,Toddle Inn Child Care - Westbrook,childcare_center,sprague,Sprague Operating Resources LLC,3.198,5146.7,N
toddle_inn_child_care_westbrook,Toddle Inn Child Care - Westbrook,childcare_center,pplc,Portland Pipe Line Corp.,4.174,6717.4,N
karen_kullman,Karen Kullman,childcare_family,global,Global Companies LLC,4.922,7921.2,N
karen_kullman,Karen Kullman,childcare_family,citgo,CITGO Petroleum Corp.,5.053,8132.0,N
karen_kullman,Karen Kullman,childcare_family,buckeye,South Portland Terminal LLC (Buckeye Terminals),4.503,7246.9,N
karen_kullman,Karen Kullman,childcare_family,gulf_sunoco,Gulf Oil LP / Sunoco Midstream LLC,5.606,9022.0,N
karen_kullman,Karen Kullman,childcare_family,sprague,Sprague Operating Resources LLC,4.142,6665.9,N
karen_kullman,Karen Kullman,childcare_family,pplc,Portland Pipe Line Corp.,5.161,8305.8,N
toddle_inn_child_care_scarborough,Toddle Inn Child Care - Scarborough,childcare_center,global,Global Companies LLC,5.204,8375.0,N
toddle_inn_child_care_scarborough,Toddle Inn Child Care - Scarborough,childcare_center,citgo,CITGO Petroleum Corp.,5.736,9231.2,N
toddle_inn_child_care_scarborough,Toddle Inn Child Care - Scarborough,childcare_center,buckeye,South Portland Terminal LLC (Buckeye Terminals),5.149,8286.5,N
toddle_inn_child_care_scarborough,Toddle Inn Child Care - Scarborough,childcare_center,gulf_sunoco,Gulf Oil LP / Sunoco Midstream LLC,6.965,11209.1,N
toddle_inn_child_care_scarborough,Toddle Inn Child Care - Scarborough,childcare_center,sprague,Sprague Operating Resources LLC,4.697,7559.1,N
toddle_inn_child_care_scarborough,Toddle Inn Child Care - Scarborough,childcare_center,pplc,Portland Pipe Line Corp.,5.123,8244.7,N
falmouth_corner_preschool,Falmouth Corner Preschool,childcare_nursery,global,Global Companies LLC,6.199,9976.3,N
falmouth_corner_preschool,Falmouth Corner Preschool,childcare_nursery,citgo,CITGO Petroleum Corp.,5.504,8857.8,N
falmouth_corner_preschool,Falmouth Corner Preschool,childcare_nursery,buckeye,South Portland Terminal LLC (Buckeye Terminals),5.763,9274.6,N
falmouth_corner_preschool,Falmouth Corner Preschool,childcare_nursery,gulf_sunoco,Gulf Oil LP / Sunoco Midstream LLC,4.61,7419.1,N
falmouth_corner_preschool,Falmouth Corner Preschool,childcare_nursery,sprague,Sprague Operating Resources LLC,5.986,9633.5,N
falmouth_corner_preschool,Falmouth Corner Preschool,childcare_nursery,pplc,Portland Pipe Line Corp.,6.561,10558.9,N
helena_nime,Helena Nime,childcare_family,global,Global Companies LLC,6.98,11233.2,N
helena_nime,Helena Nime,childcare_family,citgo,CITGO Petroleum Corp.,6.747,10858.2,N
helena_nime,Helena Nime,childcare_family,buckeye,South Portland Terminal LLC (Buckeye Terminals),6.477,10423.7,N
helena_nime,Helena Nime,childcare_family,gulf_sunoco,Gulf Oil LP / Sunoco Midstream LLC,6.536,10518.7,N
helena_nime,Helena Nime,childcare_family,sprague,Sprague Operating Resources LLC,6.451,10381.9,N
helena_nime,Helena Nime,childcare_family,pplc,Portland Pipe Line Corp.,7.35,11828.7,N
falmouth_elementary_school,Falmouth Elementary School,childcare_center,global,Global Companies LLC,7.055,11353.9,N
falmouth_elementary_school,Falmouth Elementary School,childcare_center,citgo,CITGO Petroleum Corp.,6.507,10472.0,N
falmouth_elementary_school,Falmouth Elementary School,childcare_center,buckeye,South Portland Terminal LLC (Buckeye Terminals),6.582,10592.7,N
falmouth_elementary_school,Falmouth Elementary School,childcare_center,gulf_sunoco,Gulf Oil LP / Sunoco Midstream LLC,5.787,9313.3,N
falmouth_elementary_school,Falmouth Elementary School,childcare_center,sprague,Sprague Operating Resources LLC,6.715,10806.7,N
falmouth_elementary_school,Falmouth Elementary School,childcare_center,pplc,Portland Pipe Line Corp.,7.44,11973.5,N
toddle_inn_child_care_center_gorham,Toddle Inn Child Care Center - Gorham,childcare_center,global,Global Companies LLC,7.761,12490.1,N
toddle_inn_child_care_center_gorham,Toddle Inn Child Care Center - Gorham,childcare_center,citgo,CITGO Petroleum Corp.,7.929,12760.5,N
toddle_inn_child_care_center_gorham,Toddle Inn Child Care Center - Gorham,childcare_center,buckeye,South Portland Terminal LLC (Buckeye Terminals),7.365,11852.8,N
toddle_inn_child_care_center_gorham,Toddle Inn Child Care Center - Gorham,childcare_center,gulf_sunoco,Gulf Oil LP / Sunoco Midstream LLC,8.493,13668.2,N
toddle_inn_child_care_center_gorham,Toddle Inn Child Care Center - Gorham,childcare_center,sprague,Sprague Operating Resources LLC,6.954,11191.4,N
toddle_inn_child_care_center_gorham,Toddle Inn Child Care Center - Gorham,childcare_center,pplc,Portland Pipe Line Corp.,7.969,12824.9,N
imagination_station,Imagination Station,childcare_center,global,Global Companies LLC,7.897,12709.0,N
imagination_station,Imagination Station,childcare_center,citgo,CITGO Petroleum Corp.,8.052,12958.4,N
imagination_station,Imagination Station,childcare_center,buckeye,South Portland Terminal LLC (Buckeye Terminals),7.493,12058.8,N
imagination_station,Imagination Station,childcare_center,gulf_sunoco,Gulf Oil LP / Sunoco Midstream LLC,8.596,13833.9,N
imagination_station,Imagination Station,childcare_center,sprague,Sprague Operating Resources LLC,7.097,11421.5,N
imagination_station,Imagination Station,childcare_center,pplc,Portland Pipe Line Corp.,8.113,13056.6,N
friends_school_of_portland,FRIENDS SCHOOL OF PORTLAND,childcare_center,global,Global Companies LLC,8.222,13232.0,N
friends_school_of_portland,FRIENDS SCHOOL OF PORTLAND,childcare_center,citgo,CITGO Petroleum Corp.,7.456,11999.3,N
friends_school_of_portland,FRIENDS SCHOOL OF PORTLAND,childcare_center,buckeye,South Portland Terminal LLC (Buckeye Terminals),7.8,12552.9,N
friends_school_of_portland,FRIENDS SCHOOL OF PORTLAND,childcare_center,gulf_sunoco,Gulf Oil LP / Sunoco Midstream LLC,6.46,10396.4,N
friends_school_of_portland,FRIENDS SCHOOL OF PORTLAND,childcare_center,sprague,Sprague Operating Resources LLC,8.091,13021.2,N
friends_school_of_portland,FRIENDS SCHOOL OF PORTLAND,childcare_center,pplc,Portland Pipe Line Corp.,8.506,13689.1,N
summit_community_church,Summit Community Church,childcare_center,global,Global Companies LLC,9.662,15549.5,N
summit_community_church,Summit Community Church,childcare_center,citgo,CITGO Petroleum Corp.,9.897,15927.7,N
summit_community_church,Summit Community Church,childcare_center,buckeye,South Portland Terminal LLC (Buckeye Terminals),9.286,14944.4,N
summit_community_church,Summit Community Church,childcare_center,gulf_sunoco,Gulf Oil LP / Sunoco Midstream LLC,10.545,16970.5,N
summit_community_church,Summit Community Church,childcare_center,sprague,Sprague Operating Resources LLC,8.823,14199.2,N
summit_community_church,Summit Community Church,childcare_center,pplc,Portland Pipe Line Corp.,9.823,15808.6,N
creative_beginnings_childcare_ctr,Creative Beginnings Childcare Ctr,childcare_center,global,Global Companies LLC,0.729,1173.2,Y
creative_beginnings_childcare_ctr,Creative Beginnings Childcare Ctr,childcare_center,citgo,CITGO Petroleum Corp.,0.305,490.8,Y
creative_beginnings_childcare_ctr,Creative Beginnings Childcare Ctr,childcare_center,buckeye,South Portland Terminal LLC (Buckeye Terminals),1.044,1680.2,N
creative_beginnings_childcare_ctr,Creative Beginnings Childcare Ctr,childcare_center,gulf_sunoco,Gulf Oil LP / Sunoco Midstream LLC,0.871,1401.7,Y
creative_beginnings_childcare_ctr,Creative Beginnings Childcare Ctr,childcare_center,sprague,Sprague Operating Resources LLC,1.24,1995.6,N
creative_beginnings_childcare_ctr,Creative Beginnings Childcare Ctr,childcare_center,pplc,Portland Pipe Line Corp.,0.495,796.6,Y
wishing_tree_preschool,WISHING TREE PRESCHOOL,childcare_family,global,Global Companies LLC,0.39,627.6,Y
wishing_tree_preschool,WISHING TREE PRESCHOOL,childcare_family,citgo,CITGO Petroleum Corp.,0.788,1268.2,Y
wishing_tree_preschool,WISHING TREE PRESCHOOL,childcare_family,buckeye,South Portland Terminal LLC (Buckeye Terminals),0.122,196.3,Y
wishing_tree_preschool,WISHING TREE PRESCHOOL,childcare_family,gulf_sunoco,Gulf Oil LP / Sunoco Midstream LLC,1.985,3194.5,N
wishing_tree_preschool,WISHING TREE PRESCHOOL,childcare_family,sprague,Sprague Operating Resources LLC,0.045,72.4,Y
wishing_tree_preschool,WISHING TREE PRESCHOOL,childcare_family,pplc,Portland Pipe Line Corp.,0.488,785.4,Y
children_s_adventure_center_inc,Children's Adventure Center Inc.,childcare_center,global,Global Companies LLC,0.23,370.1,Y
children_s_adventure_center_inc,Children's Adventure Center Inc.,childcare_center,citgo,CITGO Petroleum Corp.,0.757,1218.3,Y
children_s_adventure_center_inc,Children's Adventure Center Inc.,childcare_center,buckeye,South Portland Terminal LLC (Buckeye Terminals),0.527,848.1,Y
children_s_adventure_center_inc,Children's Adventure Center Inc.,childcare_center,gulf_sunoco,Gulf Oil LP / Sunoco Midstream LLC,1.986,3196.2,N
children_s_adventure_center_inc,Children's Adventure Center Inc.,childcare_center,sprague,Sprague Operating Resources LLC,0.473,761.2,Y
children_s_adventure_center_inc,Children's Adventure Center Inc.,childcare_center,pplc,Portland Pipe Line Corp.,0.278,447.4,Y
growing_learners_harding_street,Growing Learners @ Harding Street,childcare_center,global,Global Companies LLC,0.652,1049.3,Y
growing_learners_harding_street,Growing Learners @ Harding Street,childcare_center,citgo,CITGO Petroleum Corp.,1.027,1652.8,N
growing_learners_harding_street,Growing Learners @ Harding Street,childcare_center,buckeye,South Portland Terminal LLC (Buckeye Terminals),0.25,402.3,Y
growing_learners_harding_street,Growing Learners @ Harding Street,childcare_center,gulf_sunoco,Gulf Oil LP / Sunoco Midstream LLC,2.169,3490.7,N
growing_learners_harding_street,Growing Learners @ Harding Street,childcare_center,sprague,Sprague Operating Resources LLC,0.0,0.0,Y
growing_learners_harding_street,Growing Learners @ Harding Street,childcare_center,pplc,Portland Pipe Line Corp.,0.753,1211.8,Y
caroline_kleiman,Caroline Kleiman,childcare_family,global,Global Companies LLC,0.64,1030.0,Y
caroline_kleiman,Caroline Kleiman,childcare_family,citgo,CITGO Petroleum Corp.,0.434,698.5,Y
caroline_kleiman,Caroline Kleiman,childcare_family,buckeye,South Portland Terminal LLC (Buckeye Terminals),1.106,1779.9,N
caroline_kleiman,Caroline Kleiman,childcare_family,gulf_sunoco,Gulf Oil LP / Sunoco Midstream LLC,1.192,1918.3,N
caroline_kleiman,Caroline Kleiman,childcare_family,sprague,Sprague Operating Resources LLC,1.159,1865.2,N
caroline_kleiman,Caroline Kleiman,childcare_family,pplc,Portland Pipe Line Corp.,0.204,328.3,Y
lighthouse_school_amp_child_care_center,Lighthouse School &amp; Child Care Center,childcare_center,global,Global Companies LLC,0.653,1050.9,Y
lighthouse_school_amp_child_care_center,Lighthouse School &amp; Child Care Center,childcare_center,citgo,CITGO Petroleum Corp.,0.708,1139.4,Y
lighthouse_school_amp_child_care_center,Lighthouse School &amp; Child Care Center,childcare_center,buckeye,South Portland Terminal LLC (Buckeye Terminals),1.181,1900.6,N
lighthouse_school_amp_child_care_center,Lighthouse School &amp; Child Care Center,childcare_center,gulf_sunoco,Gulf Oil LP / Sunoco Midstream LLC,1.674,2694.0,N
lighthouse_school_amp_child_care_center,Lighthouse School &amp; Child Care Center,childcare_center,sprague,Sprague Operating Resources LLC,1.15,1850.7,N
lighthouse_school_amp_child_care_center,Lighthouse School &amp; Child Care Center,childcare_center,pplc,Portland Pipe Line Corp.,0.064,103.0,Y
waynflete_school,WAYNFLETE SCHOOL,childcare_center,global,Global Companies LLC,0.708,1139.4,Y
waynflete_school,WAYNFLETE SCHOOL,childcare_center,citgo,CITGO Petroleum Corp.,0.205,329.9,Y
waynflete_school,WAYNFLETE SCHOOL,childcare_center,buckeye,South Portland Terminal LLC (Buckeye Terminals),0.3,482.8,Y
waynflete_school,WAYNFLETE SCHOOL,childcare_center,gulf_sunoco,Gulf Oil LP / Sunoco Midstream LLC,0.957,1540.1,Y
waynflete_school,WAYNFLETE SCHOOL,childcare_center,sprague,Sprague Operating Resources LLC,0.79,1271.4,Y
waynflete_school,WAYNFLETE SCHOOL,childcare_center,pplc,Portland Pipe Line Corp.,1.063,1710.7,N
kiddie_garden_l_l_c,"Kiddie Garden, L.L.C.",childcare_center,global,Global Companies LLC,0.895,1440.4,Y
kiddie_garden_l_l_c,"Kiddie Garden, L.L.C.",childcare_center,citgo,CITGO Petroleum Corp.,0.201,323.5,Y
kiddie_garden_l_l_c,"Kiddie Garden, L.L.C.",childcare_center,buckeye,South Portland Terminal LLC (Buckeye Terminals),0.528,849.7,Y
kiddie_garden_l_l_c,"Kiddie Garden, L.L.C.",childcare_center,gulf_sunoco,Gulf Oil LP / Sunoco Midstream LLC,0.716,1152.3,Y
kiddie_garden_l_l_c,"Kiddie Garden, L.L.C.",childcare_center,sprague,Sprague Operating Resources LLC,1.024,1648.0,N
kiddie_garden_l_l_c,"Kiddie Garden, L.L.C.",childcare_center,pplc,Portland Pipe Line Corp.,1.225,1971.4,N
kiddie_garden_llc,Kiddie Garden LLC,childcare_center,global,Global Companies LLC,0.994,1599.7,Y
kiddie_garden_llc,Kiddie Garden LLC,childcare_center,citgo,CITGO Petroleum Corp.,0.322,518.2,Y
kiddie_garden_llc,Kiddie Garden LLC,childcare_center,buckeye,South Portland Terminal LLC (Buckeye Terminals),0.6,965.6,Y
kiddie_garden_llc,Kiddie Garden LLC,childcare_center,gulf_sunoco,Gulf Oil LP / Sunoco Midstream LLC,0.683,1099.2,Y
kiddie_garden_llc,Kiddie Garden LLC,childcare_center,sprague,Sprague Operating Resources LLC,1.083,1742.9,N
kiddie_garden_llc,Kiddie Garden LLC,childcare_center,pplc,Portland Pipe Line Corp.,1.334,2146.9,N
suzanne_kahill,Suzanne Kahill,childcare_family,global,Global Companies LLC,0.915,1472.5,Y
suzanne_kahill,Suzanne Kahill,childcare_family,citgo,CITGO Petroleum Corp.,0.606,975.3,Y
suzanne_kahill,Suzanne Kahill,childcare_family,buckeye,South Portland Terminal LLC (Buckeye Terminals),1.322,2127.6,N
suzanne_kahill,Suzanne Kahill,childcare_family,gulf_sunoco,Gulf Oil LP / Sunoco Midstream LLC,1.066,1715.6,N
suzanne_kahill,Suzanne Kahill,childcare_family,sprague,Sprague Operating Resources LLC,1.438,2314.2,N
suzanne_kahill,Suzanne Kahill,childcare_family,pplc,Portland Pipe Line Corp.,0.486,782.1,Y
alphabet_tree_early_learning_academy,ALPHABET TREE EARLY LEARNING ACADEMY,childcare_family,global,Global Companies LLC,1.231,1981.1,N
alphabet_tree_early_learning_academy,ALPHABET TREE EARLY LEARNING ACADEMY,childcare_family,citgo,CITGO Petroleum Corp.,1.616,2600.7,N
alphabet_tree_early_learning_academy,ALPHABET TREE EARLY LEARNING ACADEMY,childcare_family,buckeye,South Portland Terminal LLC (Buckeye Terminals),0.837,1347.0,Y
alphabet_tree_early_learning_academy,ALPHABET TREE EARLY LEARNING ACADEMY,childcare_family,gulf_sunoco,Gulf Oil LP / Sunoco Midstream LLC,2.696,4338.8,N
alphabet_tree_early_learning_academy,ALPHABET TREE EARLY LEARNING ACADEMY,childcare_family,sprague,Sprague Operating Resources LLC,0.44,708.1,Y
alphabet_tree_early_learning_academy,ALPHABET TREE EARLY LEARNING ACADEMY,childcare_family,pplc,Portland Pipe Line Corp.,1.309,2106.6,N
caroline_whitten,Caroline Whitten,childcare_family,global,Global Companies LLC,1.152,1854.0,N
caroline_whitten,Caroline Whitten,childcare_family,citgo,CITGO Petroleum Corp.,0.693,1115.3,Y
caroline_whitten,Caroline Whitten,childcare_family,buckeye,South Portland Terminal LLC (Buckeye Terminals),1.51,2430.1,N
caroline_whitten,Caroline Whitten,childcare_family,gulf_sunoco,Gulf Oil LP / Sunoco Midstream LLC,0.985,1585.2,Y
caroline_whitten,Caroline Whitten,childcare_family,sprague,Sprague Operating Resources LLC,1.675,2695.7,N
caroline_whitten,Caroline Whitten,childcare_family,pplc,Portland Pipe Line Corp.,0.74,1190.9,Y
pearlite_montessori_home,Pearlite Montessori Home,childcare_center,global,Global Companies LLC,1.17,1882.9,N
pearlite_montessori_home,Pearlite Montessori Home,childcare_center,citgo,CITGO Petroleum Corp.,0.858,1380.8,Y
pearlite_montessori_home,Pearlite Montessori Home,childcare_center,buckeye,South Portland Terminal LLC (Buckeye Terminals),1.599,2573.3,N
pearlite_montessori_home,Pearlite Montessori Home,childcare_center,gulf_sunoco,Gulf Oil LP / Sunoco Midstream LLC,1.216,1957.0,N
pearlite_montessori_home,Pearlite Montessori Home,childcare_center,sprague,Sprague Operating Resources LLC,1.69,2719.8,N
pearlite_montessori_home,Pearlite Montessori Home,childcare_center,pplc,Portland Pipe Line Corp.,0.661,1063.8,Y
serina_holbrook,Serina Holbrook,childcare_family,global,Global Companies LLC,1.337,2151.7,N
serina_holbrook,Serina Holbrook,childcare_family,citgo,CITGO Petroleum Corp.,1.727,2779.3,N
serina_holbrook,Serina Holbrook,childcare_family,buckeye,South Portland Terminal LLC (Buckeye Terminals),0.95,1528.9,Y
serina_holbrook,Serina Holbrook,childcare_family,gulf_sunoco,Gulf Oil LP / Sunoco Midstream LLC,2.814,4528.7,N
serina_holbrook,Serina Holbrook,childcare_family,sprague,Sprague Operating Resources LLC,0.557,896.4,Y
serina_holbrook,Serina Holbrook,childcare_family,pplc,Portland Pipe Line Corp.,1.408,2266.0,N
ready_set_grow_learning_center,Ready Set Grow Learning Center,childcare_center,global,Global Companies LLC,1.603,2579.8,N
ready_set_grow_learning_center,Ready Set Grow Learning Center,childcare_center,citgo,CITGO Petroleum Corp.,2.088,3360.3,N
ready_set_grow_learning_center,Ready Set Grow Learning Center,childcare_center,buckeye,South Portland Terminal LLC (Buckeye Terminals),1.412,2272.4,N
ready_set_grow_learning_center,Ready Set Grow Learning Center,childcare_center,gulf_sunoco,Gulf Oil LP / Sunoco Midstream LLC,3.311,5328.5,N
ready_set_grow_learning_center,Ready Set Grow Learning Center,childcare_center,sprague,Sprague Operating Resources LLC,0.962,1548.2,Y
ready_set_grow_learning_center,Ready Set Grow Learning Center,childcare_center,pplc,Portland Pipe Line Corp.,1.624,2613.6,N
discovery_center,Discovery Center,childcare_nursery,global,Global Companies LLC,1.61,2591.0,N
discovery_center,Discovery Center,childcare_nursery,citgo,CITGO Petroleum Corp.,0.929,1495.1,Y
discovery_center,Discovery Center,childcare_nursery,buckeye,South Portland Terminal LLC (Buckeye Terminals),1.824,2935.4,N
discovery_center,Discovery Center,childcare_nursery,gulf_sunoco,Gulf Oil LP / Sunoco Midstream LLC,0.748,1203.8,Y
discovery_center,Discovery Center,childcare_nursery,sprague,Sprague Operating Resources LLC,2.111,3397.3,N
discovery_center,Discovery Center,childcare_nursery,pplc,Portland Pipe Line Corp.,1.3,2092.1,N
ocean_house_on_the_farm_llc,Ocean House On The Farm LLC,childcare_center,global,Global Companies LLC,1.68,2703.7,N
ocean_house_on_the_farm_llc,Ocean House On The Farm LLC,childcare_center,citgo,CITGO Petroleum Corp.,1.577,2537.9,N
ocean_house_on_the_farm_llc,Ocean House On The Farm LLC,childcare_center,buckeye,South Portland Terminal LLC (Buckeye Terminals),2.206,3550.2,N
ocean_house_on_the_farm_llc,Ocean House On The Farm LLC,childcare_center,gulf_sunoco,Gulf Oil LP / Sunoco Midstream LLC,2.021,3252.5,N
ocean_house_on_the_farm_llc,Ocean House On The Farm LLC,childcare_center,sprague,Sprague Operating Resources LLC,2.172,3495.5,N
ocean_house_on_the_farm_llc,Ocean House On The Farm LLC,childcare_center,pplc,Portland Pipe Line Corp.,1.0,1609.3,Y
chickadee_infant_amp_toddler_care,Chickadee Infant &amp; Toddler Care,childcare_center,global,Global Companies LLC,2.005,3226.7,N
chickadee_infant_amp_toddler_care,Chickadee Infant &amp; Toddler Care,childcare_center,citgo,CITGO Petroleum Corp.,2.375,3822.2,N
chickadee_infant_amp_toddler_care,Chickadee Infant &amp; Toddler Care,childcare_center,buckeye,South Portland Terminal LLC (Buckeye Terminals),1.599,2573.3,N
chickadee_infant_amp_toddler_care,Chickadee Infant &amp; Toddler Care,childcare_center,gulf_sunoco,Gulf Oil LP / Sunoco Midstream LLC,3.322,5346.2,N
chickadee_infant_amp_toddler_care,Chickadee Infant &amp; Toddler Care,childcare_center,sprague,Sprague Operating Resources LLC,1.148,1847.5,N
chickadee_infant_amp_toddler_care,Chickadee Infant &amp; Toddler Care,childcare_center,pplc,Portland Pipe Line Corp.,2.097,3374.8,N
kids_world_at_willard_beach,Kids World At Willard Beach,childcare_center,global,Global Companies LLC,1.887,3036.8,N
kids_world_at_willard_beach,Kids World At Willard Beach,childcare_center,citgo,CITGO Petroleum Corp.,1.123,1807.3,N
kids_world_at_willard_beach,Kids World At Willard Beach,childcare_center,buckeye,South Portland Terminal LLC (Buckeye Terminals),1.967,3165.6,N
kids_world_at_willard_beach,Kids World At Willard Beach,childcare_center,gulf_sunoco,Gulf Oil LP / Sunoco Midstream LLC,0.281,452.2,Y
kids_world_at_willard_beach,Kids World At Willard Beach,childcare_center,sprague,Sprague Operating Resources LLC,2.346,3775.5,N
kids_world_at_willard_beach,Kids World At Willard Beach,childcare_center,pplc,Portland Pipe Line Corp.,1.68,2703.7,N
christine_wheeler,Christine Wheeler,childcare_family,global,Global Companies LLC,1.933,3110.9,N
christine_wheeler,Christine Wheeler,childcare_family,citgo,CITGO Petroleum Corp.,1.54,2478.4,N
christine_wheeler,Christine Wheeler,childcare_family,buckeye,South Portland Terminal LLC (Buckeye Terminals),2.351,3783.6,N
christine_wheeler,Christine Wheeler,childcare_family,gulf_sunoco,Gulf Oil LP / Sunoco Midstream LLC,1.635,2631.3,N
christine_wheeler,Christine Wheeler,childcare_family,sprague,Sprague Operating Resources LLC,2.451,3944.5,N
christine_wheeler,Christine Wheeler,childcare_family,pplc,Portland Pipe Line Corp.,1.372,2208.0,N
children_s_house,Children's House,childcare_center,global,Global Companies LLC,1.99,3202.6,N
children_s_house,Children's House,childcare_center,citgo,CITGO Petroleum Corp.,1.523,2451.0,N
children_s_house,Children's House,childcare_center,buckeye,South Portland Terminal LLC (Buckeye Terminals),1.521,2447.8,N
children_s_house,Children's House,childcare_center,gulf_sunoco,Gulf Oil LP / Sunoco Midstream LLC,1.373,2209.6,N
children_s_house,Children's House,childcare_center,sprague,Sprague Operating Resources LLC,1.71,2752.0,N
children_s_house,Children's House,childcare_center,pplc,Portland Pipe Line Corp.,2.374,3820.6,N
trina_carroll,Trina Carroll,childcare_center,global,Global Companies LLC,2.041,3284.7,N
trina_carroll,Trina Carroll,childcare_center,citgo,CITGO Petroleum Corp.,1.717,2763.2,N
trina_carroll,Trina Carroll,childcare_center,buckeye,South Portland Terminal LLC (Buckeye Terminals),1.553,2499.3,N
trina_carroll,Trina Carroll,childcare_center,gulf_sunoco,Gulf Oil LP / Sunoco Midstream LLC,1.764,2838.9,N
trina_carroll,Trina Carroll,childcare_center,sprague,Sprague Operating Resources LLC,1.65,2655.4,N
trina_carroll,Trina Carroll,childcare_center,pplc,Portland Pipe Line Corp.,2.429,3909.1,N
katherine_folan,Katherine Folan,childcare_family,global,Global Companies LLC,1.938,3118.9,N
katherine_folan,Katherine Folan,childcare_family,citgo,CITGO Petroleum Corp.,2.376,3823.8,N
katherine_folan,Katherine Folan,childcare_family,buckeye,South Portland Terminal LLC (Buckeye Terminals),2.291,3687.0,N
katherine_folan,Katherine Folan,childcare_family,gulf_sunoco,Gulf Oil LP / Sunoco Midstream LLC,3.455,5560.3,N
katherine_folan,Katherine Folan,childcare_family,sprague,Sprague Operating Resources LLC,1.994,3209.0,N
katherine_folan,Katherine Folan,childcare_family,pplc,Portland Pipe Line Corp.,1.631,2624.8,N
madeline_chisholm,Madeline Chisholm,childcare_family,global,Global Companies LLC,2.237,3600.1,N
madeline_chisholm,Madeline Chisholm,childcare_family,citgo,CITGO Petroleum Corp.,2.065,3323.3,N
madeline_chisholm,Madeline Chisholm,childcare_family,buckeye,South Portland Terminal LLC (Buckeye Terminals),1.734,2790.6,N
madeline_chisholm,Madeline Chisholm,childcare_family,gulf_sunoco,Gulf Oil LP / Sunoco Midstream LLC,2.341,3767.5,N
madeline_chisholm,Madeline Chisholm,childcare_family,sprague,Sprague Operating Resources LLC,1.724,2774.5,N
madeline_chisholm,Madeline Chisholm,childcare_family,pplc,Portland Pipe Line Corp.,2.607,4195.6,N
trinity_day_school,Trinity Day School,childcare_center,global,Global Companies LLC,2.241,3606.5,N
trinity_day_school,Trinity Day School,childcare_center,citgo,CITGO Petroleum Corp.,1.88,3025.6,N
trinity_day_school,Trinity Day School,childcare_center,buckeye,South Portland Terminal LLC (Buckeye Terminals),1.759,2830.8,N
trinity_day_school,Trinity Day School,childcare_center,gulf_sunoco,Gulf Oil LP / Sunoco Midstream LLC,1.791,2882.3,N
trinity_day_school,Trinity Day School,childcare_center,sprague,Sprague Operating Resources LLC,1.87,3009.5,N
trinity_day_school,Trinity Day School,childcare_center,pplc,Portland Pipe Line Corp.,2.63,4232.6,N
baby_steps_nursery_amp_child_care,Baby Steps Nursery &amp; Child Care,childcare_center,global,Global Companies LLC,2.329,3748.2,N
baby_steps_nursery_amp_child_care,Baby Steps Nursery &amp; Child Care,childcare_center,citgo,CITGO Petroleum Corp.,2.388,3843.1,N
baby_steps_nursery_amp_child_care,Baby Steps Nursery &amp; Child Care,childcare_center,buckeye,South Portland Terminal LLC (Buckeye Terminals),1.868,3006.3,N
baby_steps_nursery_amp_child_care,Baby Steps Nursery &amp; Child Care,childcare_center,gulf_sunoco,Gulf Oil LP / Sunoco Midstream LLC,2.962,4766.9,N
baby_steps_nursery_amp_child_care,Baby Steps Nursery &amp; Child Care,childcare_center,sprague,Sprague Operating Resources LLC,1.64,2639.3,N
baby_steps_nursery_amp_child_care,Baby Steps Nursery &amp; Child Care,childcare_center,pplc,Portland Pipe Line Corp.,2.628,4229.4,N
hinda_wilansky,Hinda Wilansky,childcare_family,global,Global Companies LLC,2.392,3849.6,N
hinda_wilansky,Hinda Wilansky,childcare_family,citgo,CITGO Petroleum Corp.,2.191,3526.1,N
hinda_wilansky,Hinda Wilansky,childcare_family,buckeye,South Portland Terminal LLC (Buckeye Terminals),1.89,3041.7,N
hinda_wilansky,Hinda Wilansky,childcare_family,gulf_sunoco,Gulf Oil LP / Sunoco Midstream LLC,2.397,3857.6,N
hinda_wilansky,Hinda Wilansky,childcare_family,sprague,Sprague Operating Resources LLC,1.892,3044.9,N
hinda_wilansky,Hinda Wilansky,childcare_family,pplc,Portland Pipe Line Corp.,2.766,4451.4,N
skills_for_life,Skills for Life,childcare_center,global,Global Companies LLC,2.548,4100.6,N
skills_for_life,Skills for Life,childcare_center,citgo,CITGO Petroleum Corp.,2.953,4752.4,N
skills_for_life,Skills for Life,childcare_center,buckeye,South Portland Terminal LLC (Buckeye Terminals),2.18,3508.4,N
skills_for_life,Skills for Life,childcare_center,gulf_sunoco,Gulf Oil LP / Sunoco Midstream LLC,4.021,6471.2,N
skills_for_life,Skills for Life,childcare_center,sprague,Sprague Operating Resources LLC,1.778,2861.4,N
skills_for_life,Skills for Life,childcare_center,pplc,Portland Pipe Line Corp.,2.594,4174.6,N
clara_allen,Clara Allen,childcare_family,global,Global Companies LLC,2.512,4042.7,N
clara_allen,Clara Allen,childcare_family,citgo,CITGO Petroleum Corp.,2.199,3538.9,N
clara_allen,Clara Allen,childcare_family,buckeye,South Portland Terminal LLC (Buckeye Terminals),2.019,3249.3,N
clara_allen,Clara Allen,childcare_family,gulf_sunoco,Gulf Oil LP / Sunoco Midstream LLC,2.146,3453.7,N
clara_allen,Clara Allen,childcare_family,sprague,Sprague Operating Resources LLC,2.089,3361.9,N
clara_allen,Clara Allen,childcare_family,pplc,Portland Pipe Line Corp.,2.899,4665.5,N
shining_star_child_development_center,Shining Star Child Development Center,childcare_center,global,Global Companies LLC,2.7,4345.2,N
shining_star_child_development_center,Shining Star Child Development Center,childcare_center,citgo,CITGO Petroleum Corp.,3.044,4898.8,N
shining_star_child_development_center,Shining Star Child Development Center,childcare_center,buckeye,South Portland Terminal LLC (Buckeye Terminals),2.304,3707.9,N
shining_star_child_development_center,Shining Star Child Development Center,childcare_center,gulf_sunoco,Gulf Oil LP / Sunoco Midstream LLC,3.9,6276.4,N
shining_star_child_development_center,Shining Star Child Development Center,childcare_center,sprague,Sprague Operating Resources LLC,1.843,2966.0,N
shining_star_child_development_center,Shining Star Child Development Center,childcare_center,pplc,Portland Pipe Line Corp.,2.821,4540.0,N
maiden_cove_child_center,Maiden Cove Child Center,childcare_center,global,Global Companies LLC,2.846,4580.2,N
maiden_cove_child_center,Maiden Cove Child Center,childcare_center,citgo,CITGO Petroleum Corp.,2.228,3585.6,N
maiden_cove_child_center,Maiden Cove Child Center,childcare_center,buckeye,South Portland Terminal LLC (Buckeye Terminals),3.124,5027.6,N
maiden_cove_child_center,Maiden Cove Child Center,childcare_center,gulf_sunoco,Gulf Oil LP / Sunoco Midstream LLC,1.583,2547.6,N
maiden_cove_child_center,Maiden Cove Child Center,childcare_center,sprague,Sprague Operating Resources LLC,3.365,5415.4,N
maiden_cove_child_center,Maiden Cove Child Center,childcare_center,pplc,Portland Pipe Line Corp.,2.406,3872.1,N
anne_salamone,Anne Salamone,childcare_family,global,Global Companies LLC,2.923,4704.1,N
anne_salamone,Anne Salamone,childcare_family,citgo,CITGO Petroleum Corp.,2.672,4300.2,N
anne_salamone,Anne Salamone,childcare_family,buckeye,South Portland Terminal LLC (Buckeye Terminals),2.426,3904.3,N
anne_salamone,Anne Salamone,childcare_family,gulf_sunoco,Gulf Oil LP / Sunoco Midstream LLC,2.689,4327.5,N
anne_salamone,Anne Salamone,childcare_family,sprague,Sprague Operating Resources LLC,2.443,3931.6,N
anne_salamone,Anne Salamone,childcare_family,pplc,Portland Pipe Line Corp.,3.303,5315.7,N
comfy_cape_children_s_center,Comfy Cape Children's Center,childcare_center,global,Global Companies LLC,2.952,4750.8,N
comfy_cape_children_s_center,Comfy Cape Children's Center,childcare_center,citgo,CITGO Petroleum Corp.,2.981,4797.5,N
comfy_cape_children_s_center,Comfy Cape Children's Center,childcare_center,buckeye,South Portland Terminal LLC (Buckeye Terminals),3.488,5613.4,N
comfy_cape_children_s_center,Comfy Cape Children's Center,childcare_center,gulf_sunoco,Gulf Oil LP / Sunoco Midstream LLC,3.406,5481.4,N
comfy_cape_children_s_center,Comfy Cape Children's Center,childcare_center,sprague,Sprague Operating Resources LLC,3.463,5573.2,N
comfy_cape_children_s_center,Comfy Cape Children's Center,childcare_center,pplc,Portland Pipe Line Corp.,2.345,3773.9,N
growing_learners_at_stevens_square,Growing Learners At Stevens Square,childcare_center,global,Global Companies LLC,3.101,4990.6,N
growing_learners_at_stevens_square,Growing Learners At Stevens Square,childcare_center,citgo,CITGO Petroleum Corp.,2.807,4517.4,N
growing_learners_at_stevens_square,Growing Learners At Stevens Square,childcare_center,buckeye,South Portland Terminal LLC (Buckeye Terminals),2.605,4192.3,N
growing_learners_at_stevens_square,Growing Learners At Stevens Square,childcare_center,gulf_sunoco,Gulf Oil LP / Sunoco Midstream LLC,2.689,4327.5,N
growing_learners_at_stevens_square,Growing Learners At Stevens Square,childcare_center,sprague,Sprague Operating Resources LLC,2.649,4263.2,N
growing_learners_at_stevens_square,Growing Learners At Stevens Square,childcare_center,pplc,Portland Pipe Line Corp.,3.486,5610.2,N
growing_learners_child_care_center,Growing Learners Child Care Center,childcare_center,global,Global Companies LLC,3.107,5000.2,N
growing_learners_child_care_center,Growing Learners Child Care Center,childcare_center,citgo,CITGO Petroleum Corp.,2.78,4474.0,N
growing_learners_child_care_center,Growing Learners Child Care Center,childcare_center,buckeye,South Portland Terminal LLC (Buckeye Terminals),2.614,4206.8,N
growing_learners_child_care_center,Growing Learners Child Care Center,childcare_center,gulf_sunoco,Gulf Oil LP / Sunoco Midstream LLC,2.578,4148.9,N
growing_learners_child_care_center,Growing Learners Child Care Center,childcare_center,sprague,Sprague Operating Resources LLC,2.68,4313.0,N
growing_learners_child_care_center,Growing Learners Child Care Center,childcare_center,pplc,Portland Pipe Line Corp.,3.494,5623.0,N
gentle_wings,Gentle Wings,childcare_center,global,Global Companies LLC,3.196,5143.5,N
gentle_wings,Gentle Wings,childcare_center,citgo,CITGO Petroleum Corp.,2.86,4602.7,N
gentle_wings,Gentle Wings,childcare_center,buckeye,South Portland Terminal LLC (Buckeye Terminals),2.703,4350.1,N
gentle_wings,Gentle Wings,childcare_center,gulf_sunoco,Gulf Oil LP / Sunoco Midstream LLC,2.636,4242.2,N
gentle_wings,Gentle Wings,childcare_center,sprague,Sprague Operating Resources LLC,2.771,4459.5,N
gentle_wings,Gentle Wings,childcare_center,pplc,Portland Pipe Line Corp.,3.583,5766.3,N
diane_gervais,Diane Gervais,childcare_family,global,Global Companies LLC,3.219,5180.5,N
diane_gervais,Diane Gervais,childcare_family,citgo,CITGO Petroleum Corp.,3.717,5981.9,N
diane_gervais,Diane Gervais,childcare_family,buckeye,South Portland Terminal LLC (Buckeye Terminals),3.03,4876.3,N
diane_gervais,Diane Gervais,childcare_family,gulf_sunoco,Gulf Oil LP / Sunoco Midstream LLC,4.942,7953.4,N
diane_gervais,Diane Gervais,childcare_family,sprague,Sprague Operating Resources LLC,2.586,4161.8,N
diane_gervais,Diane Gervais,childcare_family,pplc,Portland Pipe Line Corp.,3.214,5172.4,N
bright_eyes_early_learning_center,Bright Eyes Early Learning Center,childcare_center,global,Global Companies LLC,3.173,5106.4,N
bright_eyes_early_learning_center,Bright Eyes Early Learning Center,childcare_center,citgo,CITGO Petroleum Corp.,3.086,4966.4,N
bright_eyes_early_learning_center,Bright Eyes Early Learning Center,childcare_center,buckeye,South Portland Terminal LLC (Buckeye Terminals),3.706,5964.2,N
bright_eyes_early_learning_center,Bright Eyes Early Learning Center,childcare_center,gulf_sunoco,Gulf Oil LP / Sunoco Midstream LLC,3.258,5243.2,N
bright_eyes_early_learning_center,Bright Eyes Early Learning Center,childcare_center,sprague,Sprague Operating Resources LLC,3.675,5914.3,N
bright_eyes_early_learning_center,Bright Eyes Early Learning Center,childcare_center,pplc,Portland Pipe Line Corp.,2.51,4039.5,N
back_cove_school,Back Cove School,childcare_center,global,Global Companies LLC,3.357,5402.6,N
back_cove_school,Back Cove School,childcare_center,citgo,CITGO Petroleum Corp.,2.775,4465.9,N
back_cove_school,Back Cove School,childcare_center,buckeye,South Portland Terminal LLC (Buckeye Terminals),2.898,4663.9,N
back_cove_school,Back Cove School,childcare_center,gulf_sunoco,Gulf Oil LP / Sunoco Midstream LLC,2.15,3460.1,N
back_cove_school,Back Cove School,childcare_center,sprague,Sprague Operating Resources LLC,3.09,4972.9,N
back_cove_school,Back Cove School,childcare_center,pplc,Portland Pipe Line Corp.,3.735,6010.9,N
string_bean_farm_school,String Bean Farm School,childcare_center,global,Global Companies LLC,3.31,5326.9,N
string_bean_farm_school,String Bean Farm School,childcare_center,citgo,CITGO Petroleum Corp.,3.206,5159.6,N
string_bean_farm_school,String Bean Farm School,childcare_center,buckeye,South Portland Terminal LLC (Buckeye Terminals),3.843,6184.7,N
string_bean_farm_school,String Bean Farm School,childcare_center,gulf_sunoco,Gulf Oil LP / Sunoco Midstream LLC,3.343,5380.0,N
string_bean_farm_school,String Bean Farm School,childcare_center,sprague,Sprague Operating Resources LLC,3.812,6134.8,N
string_bean_farm_school,String Bean Farm School,childcare_center,pplc,Portland Pipe Line Corp.,2.645,4256.7,N
the_academy_for_active_learners_llc,The Academy For Active Learners LLC,childcare_center,global,Global Companies LLC,3.753,6039.9,N
the_academy_for_active_learners_llc,The Academy For Active Learners LLC,childcare_center,citgo,CITGO Petroleum Corp.,3.489,5615.0,N
the_academy_for_active_learners_llc,The Academy For Active Learners LLC,childcare_center,buckeye,South Portland Terminal LLC (Buckeye Terminals),3.255,5238.4,N
the_academy_for_active_learners_llc,The Academy For Active Learners LLC,childcare_center,gulf_sunoco,Gulf Oil LP / Sunoco Midstream LLC,3.368,5420.3,N
the_academy_for_active_learners_llc,The Academy For Active Learners LLC,childcare_center,sprague,Sprague Operating Resources LLC,3.268,5259.3,N
the_academy_for_active_learners_llc,The Academy For Active Learners LLC,childcare_center,pplc,Portland Pipe Line Corp.,4.133,6651.4,N
united_4_childcare_growing_learners_gannett_drive,United 4 childcare Growing Learners Gannett Drive,childcare_center,global,Global Companies LLC,4.065,6542.0,N
united_4_childcare_growing_learners_gannett_drive,United 4 childcare Growing Learners Gannett Drive,childcare_center,citgo,CITGO Petroleum Corp.,4.427,7124.6,N
united_4_childcare_growing_learners_gannett_drive,United 4 childcare Growing Learners Gannett Drive,childcare_center,buckeye,South Portland Terminal LLC (Buckeye Terminals),3.66,5890.2,N
united_4_childcare_growing_learners_gannett_drive,United 4 childcare Growing Learners Gannett Drive,childcare_center,gulf_sunoco,Gulf Oil LP / Sunoco Midstream LLC,5.276,8490.9,N
united_4_childcare_growing_learners_gannett_drive,United 4 childcare Growing Learners Gannett Drive,childcare_center,sprague,Sprague Operating Resources LLC,3.206,5159.6,N
united_4_childcare_growing_learners_gannett_drive,United 4 childcare Growing Learners Gannett Drive,childcare_center,pplc,Portland Pipe Line Corp.,4.151,6680.4,N
bethel_kids_care_dba_the_children_s_ark_learning_academy,Bethel Kids Care DBA The Children's Ark Learning Academy,childcare_center,global,Global Companies LLC,4.074,6556.5,N
bethel_kids_care_dba_the_children_s_ark_learning_academy,Bethel Kids Care DBA The Children's Ark Learning Academy,childcare_center,citgo,CITGO Petroleum Corp.,4.078,6562.9,N
bethel_kids_care_dba_the_children_s_ark_learning_academy,Bethel Kids Care DBA The Children's Ark Learning Academy,childcare_center,buckeye,South Portland Terminal LLC (Buckeye Terminals),3.6,5793.6,N
bethel_kids_care_dba_the_children_s_ark_learning_academy,Bethel Kids Care DBA The Children's Ark Learning Academy,childcare_center,gulf_sunoco,Gulf Oil LP / Sunoco Midstream LLC,4.474,7200.2,N
bethel_kids_care_dba_the_children_s_ark_learning_academy,Bethel Kids Care DBA The Children's Ark Learning Academy,childcare_center,sprague,Sprague Operating Resources LLC,3.386,5449.2,N
bethel_kids_care_dba_the_children_s_ark_learning_academy,Bethel Kids Care DBA The Children's Ark Learning Academy,childcare_center,pplc,Portland Pipe Line Corp.,4.378,7045.7,N
roselyn_north_academy_patrick_drive_westbrook,Roselyn North Academy- Patrick Drive- Westbrook,childcare_center,global,Global Companies LLC,4.113,6619.2,N
roselyn_north_academy_patrick_drive_westbrook,Roselyn North Academy- Patrick Drive- Westbrook,childcare_center,citgo,CITGO Petroleum Corp.,4.123,6635.3,N
roselyn_north_academy_patrick_drive_westbrook,Roselyn North Academy- Patrick Drive- Westbrook,childcare_center,buckeye,South Portland Terminal LLC (Buckeye Terminals),3.641,5859.6,N
roselyn_north_academy_patrick_drive_westbrook,Roselyn North Academy- Patrick Drive- Westbrook,childcare_center,gulf_sunoco,Gulf Oil LP / Sunoco Midstream LLC,4.528,7287.1,N
roselyn_north_academy_patrick_drive_westbrook,Roselyn North Academy- Patrick Drive- Westbrook,childcare_center,sprague,Sprague Operating Resources LLC,3.42,5504.0,N
roselyn_north_academy_patrick_drive_westbrook,Roselyn North Academy- Patrick Drive- Westbrook,childcare_center,pplc,Portland Pipe Line Corp.,4.414,7103.6,N
peaks_island_children_s_workshop,Peaks Island Children's Workshop,childcare_center,global,Global Companies LLC,4.167,6706.1,N
peaks_island_children_s_workshop,Peaks Island Children's Workshop,childcare_center,citgo,CITGO Petroleum Corp.,3.378,5436.4,N
peaks_island_children_s_workshop,Peaks Island Children's Workshop,childcare_center,buckeye,South Portland Terminal LLC (Buckeye Terminals),4.121,6632.1,N
peaks_island_children_s_workshop,Peaks Island Children's Workshop,childcare_center,gulf_sunoco,Gulf Oil LP / Sunoco Midstream LLC,1.822,2932.2,N
peaks_island_children_s_workshop,Peaks Island Children's Workshop,childcare_center,sprague,Sprague Operating Resources LLC,4.564,7345.0,N
peaks_island_children_s_workshop,Peaks Island Children's Workshop,childcare_center,pplc,Portland Pipe Line Corp.,3.992,6424.5,N
sholeh_misaghian,Sholeh Misaghian,childcare_family,global,Global Companies LLC,4.194,6749.6,N
sholeh_misaghian,Sholeh Misaghian,childcare_family,citgo,CITGO Petroleum Corp.,3.755,6043.1,N
sholeh_misaghian,Sholeh Misaghian,childcare_family,buckeye,South Portland Terminal LLC (Buckeye Terminals),3.712,5973.9,N
sholeh_misaghian,Sholeh Misaghian,childcare_family,gulf_sunoco,Gulf Oil LP / Sunoco Midstream LLC,3.285,5286.7,N
sholeh_misaghian,Sholeh Misaghian,childcare_family,sprague,Sprague Operating Resources LLC,3.809,6130.0,N
sholeh_misaghian,Sholeh Misaghian,childcare_family,pplc,Portland Pipe Line Corp.,4.582,7374.0,N
portside_infant_and_toddler_center,Portside Infant and Toddler Center,childcare_center,global,Global Companies LLC,4.324,6958.8,N
portside_infant_and_toddler_center,Portside Infant and Toddler Center,childcare_center,citgo,CITGO Petroleum Corp.,3.904,6282.9,N
portside_infant_and_toddler_center,Portside Infant and Toddler Center,childcare_center,buckeye,South Portland Terminal LLC (Buckeye Terminals),3.839,6178.3,N
portside_infant_and_toddler_center,Portside Infant and Toddler Center,childcare_center,gulf_sunoco,Gulf Oil LP / Sunoco Midstream LLC,3.455,5560.3,N
portside_infant_and_toddler_center,Portside Infant and Toddler Center,childcare_center,sprague,Sprague Operating Resources LLC,3.925,6316.7,N
portside_infant_and_toddler_center,Portside Infant and Toddler Center,childcare_center,pplc,Portland Pipe Line Corp.,4.712,7583.2,N
colleen_snyder,COLLEEN SNYDER,childcare_center,global,Global Companies LLC,4.221,6793.0,N
colleen_snyder,COLLEEN SNYDER,childcare_center,citgo,CITGO Petroleum Corp.,4.735,7620.2,N
colleen_snyder,COLLEEN SNYDER,childcare_center,buckeye,South Portland Terminal LLC (Buckeye Terminals),4.367,7028.0,N
colleen_snyder,COLLEEN SNYDER,childcare_center,gulf_sunoco,Gulf Oil LP / Sunoco Midstream LLC,5.899,9493.5,N
colleen_snyder,COLLEEN SNYDER,childcare_center,sprague,Sprague Operating Resources LLC,3.948,6353.7,N
colleen_snyder,COLLEEN SNYDER,childcare_center,pplc,Portland Pipe Line Corp.,4.025,6477.6,N
pied_piper_preschool,Pied Piper Preschool,childcare_nursery,global,Global Companies LLC,4.337,6979.7,N
pied_piper_preschool,Pied Piper Preschool,childcare_nursery,citgo,CITGO Petroleum Corp.,4.843,7794.1,N
pied_piper_preschool,Pied Piper Preschool,childcare_nursery,buckeye,South Portland Terminal LLC (Buckeye Terminals),4.504,7248.5,N
pied_piper_preschool,Pied Piper Preschool,childcare_nursery,gulf_sunoco,Gulf Oil LP / Sunoco Midstream LLC,5.993,9644.8,N
pied_piper_preschool,Pied Piper Preschool,childcare_nursery,sprague,Sprague Operating Resources LLC,4.09,6582.2,N
pied_piper_preschool,Pied Piper Preschool,childcare_nursery,pplc,Portland Pipe Line Corp.,4.125,6638.5,N
brenda_keites,Brenda Keites,childcare_family,global,Global Companies LLC,4.555,7330.6,N
brenda_keites,Brenda Keites,childcare_family,citgo,CITGO Petroleum Corp.,4.602,7406.2,N
brenda_keites,Brenda Keites,childcare_family,buckeye,South Portland Terminal LLC (Buckeye Terminals),4.097,6593.5,N
brenda_keites,Brenda Keites,childcare_family,gulf_sunoco,Gulf Oil LP / Sunoco Midstream LLC,5.046,8120.7,N
brenda_keites,Brenda Keites,childcare_family,sprague,Sprague Operating Resources LLC,3.831,6165.4,N
brenda_keites,Brenda Keites,childcare_family,pplc,Portland Pipe Line Corp.,4.838,7786.0,N
lil_folk_farm_inc,"Lil' Folk Farm, Inc.",childcare_center,global,Global Companies LLC,4.41,7097.2,N
lil_folk_farm_inc,"Lil' Folk Farm, Inc.",childcare_center,citgo,CITGO Petroleum Corp.,4.908,7898.7,N
lil_folk_farm_inc,"Lil' Folk Farm, Inc.",childcare_center,buckeye,South Portland Terminal LLC (Buckeye Terminals),4.602,7406.2,N
lil_folk_farm_inc,"Lil' Folk Farm, Inc.",childcare_center,gulf_sunoco,Gulf Oil LP / Sunoco Midstream LLC,6.042,9723.7,N
lil_folk_farm_inc,"Lil' Folk Farm, Inc.",childcare_center,sprague,Sprague Operating Resources LLC,4.195,6751.2,N
lil_folk_farm_inc,"Lil' Folk Farm, Inc.",childcare_center,pplc,Portland Pipe Line Corp.,4.181,6728.7,N
nilo_hejabian,Nilo Hejabian,childcare_family,global,Global Companies LLC,4.659,7497.9,N
nilo_hejabian,Nilo Hejabian,childcare_family,citgo,CITGO Petroleum Corp.,4.182,6730.3,N
nilo_hejabian,Nilo Hejabian,childcare_family,buckeye,South Portland Terminal LLC (Buckeye Terminals),4.18,6727.1,N
nilo_hejabian,Nilo Hejabian,childcare_family,gulf_sunoco,Gulf Oil LP / Sunoco Midstream LLC,3.63,5841.9,N
nilo_hejabian,Nilo Hejabian,childcare_family,sprague,Sprague Operating Resources LLC,4.291,6905.7,N
nilo_hejabian,Nilo Hejabian,childcare_family,pplc,Portland Pipe Line Corp.,5.046,8120.7,N
brandi_lawrence,Brandi Lawrence,childcare_family,global,Global Companies LLC,4.661,7501.2,N
brandi_lawrence,Brandi Lawrence,childcare_family,citgo,CITGO Petroleum Corp.,4.38,7048.9,N
brandi_lawrence,Brandi Lawrence,childcare_family,buckeye,South Portland Terminal LLC (Buckeye Terminals),4.164,6701.3,N
brandi_lawrence,Brandi Lawrence,childcare_family,gulf_sunoco,Gulf Oil LP / Sunoco Midstream LLC,4.144,6669.1,N
brandi_lawrence,Brandi Lawrence,childcare_family,sprague,Sprague Operating Resources LLC,4.18,6727.1,N
brandi_lawrence,Brandi Lawrence,childcare_family,pplc,Portland Pipe Line Corp.,5.042,8114.3,N
roselyn_north_academy_main_westbrook,Roselyn North Academy- Main Westbrook,childcare_center,global,Global Companies LLC,4.874,7843.9,N
roselyn_north_academy_main_westbrook,Roselyn North Academy- Main Westbrook,childcare_center,citgo,CITGO Petroleum Corp.,4.934,7940.5,N
roselyn_north_academy_main_westbrook,Roselyn North Academy- Main Westbrook,childcare_center,buckeye,South Portland Terminal LLC (Buckeye Terminals),4.422,7116.5,N
roselyn_north_academy_main_westbrook,Roselyn North Academy- Main Westbrook,childcare_center,gulf_sunoco,Gulf Oil LP / Sunoco Midstream LLC,5.387,8669.5,N
roselyn_north_academy_main_westbrook,Roselyn North Academy- Main Westbrook,childcare_center,sprague,Sprague Operating Resources LLC,4.138,6659.5,N
roselyn_north_academy_main_westbrook,Roselyn North Academy- Main Westbrook,childcare_center,pplc,Portland Pipe Line Corp.,5.15,8288.1,N
mary_casey,Mary Casey,childcare_family,global,Global Companies LLC,5.119,8238.2,N
mary_casey,Mary Casey,childcare_family,citgo,CITGO Petroleum Corp.,5.068,8156.2,N
mary_casey,Mary Casey,childcare_family,buckeye,South Portland Terminal LLC (Buckeye Terminals),5.657,9104.1,N
mary_casey,Mary Casey,childcare_family,gulf_sunoco,Gulf Oil LP / Sunoco Midstream LLC,5.105,8215.7,N
mary_casey,Mary Casey,childcare_family,sprague,Sprague Operating Resources LLC,5.629,9059.0,N
mary_casey,Mary Casey,childcare_family,pplc,Portland Pipe Line Corp.,4.478,7206.6,N
joanne_jody_richardson,Joanne (Jody) Richardson,childcare_family,global,Global Companies LLC,5.229,8415.3,N
joanne_jody_richardson,Joanne (Jody) Richardson,childcare_family,citgo,CITGO Petroleum Corp.,5.138,8268.8,N
joanne_jody_richardson,Joanne (Jody) Richardson,childcare_family,buckeye,South Portland Terminal LLC (Buckeye Terminals),4.734,7618.6,N
joanne_jody_richardson,Joanne (Jody) Richardson,childcare_family,gulf_sunoco,Gulf Oil LP / Sunoco Midstream LLC,5.316,8555.3,N
joanne_jody_richardson,Joanne (Jody) Richardson,childcare_family,sprague,Sprague Operating Resources LLC,4.601,7404.6,N
joanne_jody_richardson,Joanne (Jody) Richardson,childcare_family,pplc,Portland Pipe Line Corp.,5.564,8954.4,N
rebecca_hansen,Rebecca Hansen,childcare_family,global,Global Companies LLC,5.308,8542.4,N
rebecca_hansen,Rebecca Hansen,childcare_family,citgo,CITGO Petroleum Corp.,5.468,8799.9,N
rebecca_hansen,Rebecca Hansen,childcare_family,buckeye,South Portland Terminal LLC (Buckeye Terminals),4.905,7893.8,N
rebecca_hansen,Rebecca Hansen,childcare_family,gulf_sunoco,Gulf Oil LP / Sunoco Midstream LLC,6.053,9741.4,N
rebecca_hansen,Rebecca Hansen,childcare_family,sprague,Sprague Operating Resources LLC,4.511,7259.8,N
rebecca_hansen,Rebecca Hansen,childcare_family,pplc,Portland Pipe Line Corp.,5.528,8896.5,N
naila_matkevich,Naila Matkevich,childcare_family,global,Global Companies LLC,5.339,8592.3,N
naila_matkevich,Naila Matkevich,childcare_family,citgo,CITGO Petroleum Corp.,4.967,7993.6,N
naila_matkevich,Naila Matkevich,childcare_family,buckeye,South Portland Terminal LLC (Buckeye Terminals),4.846,7798.9,N
naila_matkevich,Naila Matkevich,childcare_family,gulf_sunoco,Gulf Oil LP / Sunoco Midstream LLC,4.538,7303.2,N
naila_matkevich,Naila Matkevich,childcare_family,sprague,Sprague Operating Resources LLC,4.903,7890.6,N
naila_matkevich,Naila Matkevich,childcare_family,pplc,Portland Pipe Line Corp.,5.726,9215.1,N
christina_arroyo,Christina Arroyo,childcare_family,global,Global Companies LLC,5.483,8824.0,N
christina_arroyo,Christina Arroyo,childcare_family,citgo,CITGO Petroleum Corp.,5.051,8128.8,N
christina_arroyo,Christina Arroyo,childcare_family,buckeye,South Portland Terminal LLC (Buckeye Terminals),4.997,8041.9,N
christina_arroyo,Christina Arroyo,childcare_family,gulf_sunoco,Gulf Oil LP / Sunoco Midstream LLC,4.531,7291.9,N
christina_arroyo,Christina Arroyo,childcare_family,sprague,Sprague Operating Resources LLC,5.078,8172.2,N
christina_arroyo,Christina Arroyo,childcare_family,pplc,Portland Pipe Line Corp.,5.871,9448.5,N
little_steps_childcare,Little Steps Childcare,childcare_center,global,Global Companies LLC,5.67,9125.0,N
little_steps_childcare,Little Steps Childcare,childcare_center,citgo,CITGO Petroleum Corp.,5.265,8473.2,N
little_steps_childcare,Little Steps Childcare,childcare_center,buckeye,South Portland Terminal LLC (Buckeye Terminals),5.18,8336.4,N
little_steps_childcare,Little Steps Childcare,childcare_center,gulf_sunoco,Gulf Oil LP / Sunoco Midstream LLC,4.778,7689.4,N
little_steps_childcare,Little Steps Childcare,childcare_center,sprague,Sprague Operating Resources LLC,5.249,8447.4,N
little_steps_childcare,Little Steps Childcare,childcare_center,pplc,Portland Pipe Line Corp.,6.058,9749.4,N
mbiko_family_learning_center,Mbiko Family Learning Center,childcare_center,global,Global Companies LLC,743.749,1196948.0,N
mbiko_family_learning_center,Mbiko Family Learning Center,childcare_center,citgo,CITGO Petroleum Corp.,744.15,1197593.3,N
mbiko_family_learning_center,Mbiko Family Learning Center,childcare_center,buckeye,South Portland Terminal LLC (Buckeye Terminals),743.362,1196325.2,N
mbiko_family_learning_center,Mbiko Family Learning Center,childcare_center,gulf_sunoco,Gulf Oil LP / Sunoco Midstream LLC,745.025,1199001.5,N
mbiko_family_learning_center,Mbiko Family Learning Center,childcare_center,sprague,Sprague Operating Resources LLC,742.919,1195612.2,N
mbiko_family_learning_center,Mbiko Family Learning Center,childcare_center,pplc,Portland Pipe Line Corp.,743.795,1197022.0,N
little_stars_infant_amp_toddlers,Little Stars Infant &amp; Toddlers,childcare_center,global,Global Companies LLC,5.715,9197.4,N
little_stars_infant_amp_toddlers,Little Stars Infant &amp; Toddlers,childcare_center,citgo,CITGO Petroleum Corp.,5.735,9229.6,N
little_stars_infant_amp_toddlers,Little Stars Infant &amp; Toddlers,childcare_center,buckeye,South Portland Terminal LLC (Buckeye Terminals),5.249,8447.4,N
little_stars_infant_amp_toddlers,Little Stars Infant &amp; Toddlers,childcare_center,gulf_sunoco,Gulf Oil LP / Sunoco Midstream LLC,6.109,9831.5,N
little_stars_infant_amp_toddlers,Little Stars Infant &amp; Toddlers,childcare_center,sprague,Sprague Operating Resources LLC,5.001,8048.3,N
little_stars_infant_amp_toddlers,Little Stars Infant &amp; Toddlers,childcare_center,pplc,Portland Pipe Line Corp.,6.005,9664.1,N
maine_nature_academy_dba_growing_tree_childcare,Maine Nature Academy dba Growing Tree Childcare,childcare_center,global,Global Companies LLC,5.784,9308.4,N
maine_nature_academy_dba_growing_tree_childcare,Maine Nature Academy dba Growing Tree Childcare,childcare_center,citgo,CITGO Petroleum Corp.,5.411,8708.2,N
maine_nature_academy_dba_growing_tree_childcare,Maine Nature Academy dba Growing Tree Childcare,childcare_center,buckeye,South Portland Terminal LLC (Buckeye Terminals),5.29,8513.4,N
maine_nature_academy_dba_growing_tree_childcare,Maine Nature Academy dba Growing Tree Childcare,childcare_center,gulf_sunoco,Gulf Oil LP / Sunoco Midstream LLC,4.965,7990.4,N
maine_nature_academy_dba_growing_tree_childcare,Maine Nature Academy dba Growing Tree Childcare,childcare_center,sprague,Sprague Operating Resources LLC,5.344,8600.3,N
maine_nature_academy_dba_growing_tree_childcare,Maine Nature Academy dba Growing Tree Childcare,childcare_center,pplc,Portland Pipe Line Corp.,6.171,9931.3,N
little_stars_preschool_developmental_concepts_llc,"Little Stars Preschool, Developmental Concepts, LLC",childcare_center,global,Global Companies LLC,5.827,9377.6,N
little_stars_preschool_developmental_concepts_llc,"Little Stars Preschool, Developmental Concepts, LLC",childcare_center,citgo,CITGO Petroleum Corp.,5.842,9401.8,N
little_stars_preschool_developmental_concepts_llc,"Little Stars Preschool, Developmental Concepts, LLC",childcare_center,buckeye,South Portland Terminal LLC (Buckeye Terminals),5.359,8624.5,N
little_stars_preschool_developmental_concepts_llc,"Little Stars Preschool, Developmental Concepts, LLC",childcare_center,gulf_sunoco,Gulf Oil LP / Sunoco Midstream LLC,6.206,9987.6,N
little_stars_preschool_developmental_concepts_llc,"Little Stars Preschool, Developmental Concepts, LLC",childcare_center,sprague,Sprague Operating Resources LLC,5.115,8231.8,N
little_stars_preschool_developmental_concepts_llc,"Little Stars Preschool, Developmental Concepts, LLC",childcare_center,pplc,Portland Pipe Line Corp.,6.118,9846.0,N
st_mary_s_child_care_center_dba_caring_hearts_childcare_cent,St. Mary's Child Care Center dba Caring Hearts Childcare Center,childcare_center,global,Global Companies LLC,5.823,9371.2,N
st_mary_s_child_care_center_dba_caring_hearts_childcare_cent,St. Mary's Child Care Center dba Caring Hearts Childcare Center,childcare_center,citgo,CITGO Petroleum Corp.,5.051,8128.8,N
st_mary_s_child_care_center_dba_caring_hearts_childcare_cent,St. Mary's Child Care Center dba Caring Hearts Childcare Center,childcare_center,buckeye,South Portland Terminal LLC (Buckeye Terminals),5.405,8698.5,N
st_mary_s_child_care_center_dba_caring_hearts_childcare_cent,St. Mary's Child Care Center dba Caring Hearts Childcare Center,childcare_center,gulf_sunoco,Gulf Oil LP / Sunoco Midstream LLC,4.056,6527.5,N
st_mary_s_child_care_center_dba_caring_hearts_childcare_cent,St. Mary's Child Care Center dba Caring Hearts Childcare Center,childcare_center,sprague,Sprague Operating Resources LLC,5.72,9205.4,N
st_mary_s_child_care_center_dba_caring_hearts_childcare_cent,St. Mary's Child Care Center dba Caring Hearts Childcare Center,childcare_center,pplc,Portland Pipe Line Corp.,6.1,9817.0,N
my_first_school,My First School,childcare_nursery,global,Global Companies LLC,5.811,9351.9,N
my_first_school,My First School,childcare_nursery,citgo,CITGO Petroleum Corp.,5.64,9076.7,N
my_first_school,My First School,childcare_nursery,buckeye,South Portland Terminal LLC (Buckeye Terminals),5.308,8542.4,N
my_first_school,My First School,childcare_nursery,gulf_sunoco,Gulf Oil LP / Sunoco Midstream LLC,5.618,9041.3,N
my_first_school,My First School,childcare_nursery,sprague,Sprague Operating Resources LLC,5.241,8434.6,N
my_first_school,My First School,childcare_nursery,pplc,Portland Pipe Line Corp.,6.168,9926.4,N
omar_ghosheh,OMAR GHOSHEH,childcare_family,global,Global Companies LLC,6.246,10052.0,N
omar_ghosheh,OMAR GHOSHEH,childcare_family,citgo,CITGO Petroleum Corp.,6.751,10864.7,N
omar_ghosheh,OMAR GHOSHEH,childcare_family,buckeye,South Portland Terminal LLC (Buckeye Terminals),6.057,9747.8,N
omar_ghosheh,OMAR GHOSHEH,childcare_family,gulf_sunoco,Gulf Oil LP / Sunoco Midstream LLC,7.976,12836.1,N
omar_ghosheh,OMAR GHOSHEH,childcare_family,sprague,Sprague Operating Resources LLC,5.617,9039.7,N
omar_ghosheh,OMAR GHOSHEH,childcare_family,pplc,Portland Pipe Line Corp.,6.23,10026.2,N
falmouth_kindervillage,Falmouth Kindervillage,childcare_center,global,Global Companies LLC,6.199,9976.3,N
falmouth_kindervillage,Falmouth Kindervillage,childcare_center,citgo,CITGO Petroleum Corp.,5.504,8857.8,N
falmouth_kindervillage,Falmouth Kindervillage,childcare_center,buckeye,South Portland Terminal LLC (Buckeye Terminals),5.763,9274.6,N
falmouth_kindervillage,Falmouth Kindervillage,childcare_center,gulf_sunoco,Gulf Oil LP / Sunoco Midstream LLC,4.61,7419.1,N
falmouth_kindervillage,Falmouth Kindervillage,childcare_center,sprague,Sprague Operating Resources LLC,5.986,9633.5,N
falmouth_kindervillage,Falmouth Kindervillage,childcare_center,pplc,Portland Pipe Line Corp.,6.561,10558.9,N
seedlings_to_sunflowers_industrial_parkway,Seedlings To Sunflowers-Industrial Parkway,childcare_center,global,Global Companies LLC,6.285,10114.7,N
seedlings_to_sunflowers_industrial_parkway,Seedlings To Sunflowers-Industrial Parkway,childcare_center,citgo,CITGO Petroleum Corp.,6.394,10290.1,N
seedlings_to_sunflowers_industrial_parkway,Seedlings To Sunflowers-Industrial Parkway,childcare_center,buckeye,South Portland Terminal LLC (Buckeye Terminals),5.856,9424.3,N
seedlings_to_sunflowers_industrial_parkway,Seedlings To Sunflowers-Industrial Parkway,childcare_center,gulf_sunoco,Gulf Oil LP / Sunoco Midstream LLC,6.891,11090.0,N
seedlings_to_sunflowers_industrial_parkway,Seedlings To Sunflowers-Industrial Parkway,childcare_center,sprague,Sprague Operating Resources LLC,5.511,8869.1,N
seedlings_to_sunflowers_industrial_parkway,Seedlings To Sunflowers-Industrial Parkway,childcare_center,pplc,Portland Pipe Line Corp.,6.53,10509.0,N
growing_learners_rich_way,Growing Learners @ Rich Way,childcare_center,global,Global Companies LLC,6.538,10521.9,N
growing_learners_rich_way,Growing Learners @ Rich Way,childcare_center,citgo,CITGO Petroleum Corp.,5.821,9368.0,N
growing_learners_rich_way,Growing Learners @ Rich Way,childcare_center,buckeye,South Portland Terminal LLC (Buckeye Terminals),6.106,9826.7,N
growing_learners_rich_way,Growing Learners @ Rich Way,childcare_center,gulf_sunoco,Gulf Oil LP / Sunoco Midstream LLC,4.894,7876.1,N
growing_learners_rich_way,Growing Learners @ Rich Way,childcare_center,sprague,Sprague Operating Resources LLC,6.347,10214.5,N
growing_learners_rich_way,Growing Learners @ Rich Way,childcare_center,pplc,Portland Pipe Line Corp.,6.895,11096.4,N
cradle_inn_daycare,Cradle Inn Daycare,childcare_center,global,Global Companies LLC,6.544,10531.5,N
cradle_inn_daycare,Cradle Inn Daycare,childcare_center,citgo,CITGO Petroleum Corp.,6.643,10690.9,N
cradle_inn_daycare,Cradle Inn Daycare,childcare_center,buckeye,South Portland Terminal LLC (Buckeye Terminals),6.111,9834.7,N
cradle_inn_daycare,Cradle Inn Daycare,childcare_center,gulf_sunoco,Gulf Oil LP / Sunoco Midstream LLC,7.122,11461.7,N
cradle_inn_daycare,Cradle Inn Daycare,childcare_center,sprague,Sprague Operating Resources LLC,5.775,9294.0,N
cradle_inn_daycare,Cradle Inn Daycare,childcare_center,pplc,Portland Pipe Line Corp.,6.793,10932.3,N
leah_kane,Leah Kane,childcare_family,global,Global Companies LLC,6.597,10616.8,N
leah_kane,Leah Kane,childcare_family,citgo,CITGO Petroleum Corp.,7.043,11334.6,N
leah_kane,Leah Kane,childcare_family,buckeye,South Portland Terminal LLC (Buckeye Terminals),6.289,10121.2,N
leah_kane,Leah Kane,childcare_family,gulf_sunoco,Gulf Oil LP / Sunoco Midstream LLC,8.153,13121.0,N
leah_kane,Leah Kane,childcare_family,sprague,Sprague Operating Resources LLC,5.886,9472.6,N
leah_kane,Leah Kane,childcare_family,pplc,Portland Pipe Line Corp.,6.625,10661.9,N
little_willow_school_house,LITTLE WILLOW SCHOOL HOUSE,childcare_center,global,Global Companies LLC,6.686,10760.1,N
little_willow_school_house,LITTLE WILLOW SCHOOL HOUSE,childcare_center,citgo,CITGO Petroleum Corp.,5.979,9622.3,N
little_willow_school_house,LITTLE WILLOW SCHOOL HOUSE,childcare_center,buckeye,South Portland Terminal LLC (Buckeye Terminals),6.252,10061.6,N
little_willow_school_house,LITTLE WILLOW SCHOOL HOUSE,childcare_center,gulf_sunoco,Gulf Oil LP / Sunoco Midstream LLC,5.065,8151.3,N
little_willow_school_house,LITTLE WILLOW SCHOOL HOUSE,childcare_center,sprague,Sprague Operating Resources LLC,6.481,10430.2,N
little_willow_school_house,LITTLE WILLOW SCHOOL HOUSE,childcare_center,pplc,Portland Pipe Line Corp.,7.045,11337.8,N
melanie_collins,Melanie Collins,childcare_family,global,Global Companies LLC,6.817,10970.9,N
melanie_collins,Melanie Collins,childcare_family,citgo,CITGO Petroleum Corp.,6.105,9825.0,N
melanie_collins,Melanie Collins,childcare_family,buckeye,South Portland Terminal LLC (Buckeye Terminals),6.384,10274.1,N
melanie_collins,Melanie Collins,childcare_family,gulf_sunoco,Gulf Oil LP / Sunoco Midstream LLC,5.184,8342.8,N
melanie_collins,Melanie Collins,childcare_family,sprague,Sprague Operating Resources LLC,6.617,10649.0,N
melanie_collins,Melanie Collins,childcare_family,pplc,Portland Pipe Line Corp.,7.175,11547.0,N
little_hands_daycare,Little Hands Daycare,childcare_center,global,Global Companies LLC,6.824,10982.2,N
little_hands_daycare,Little Hands Daycare,childcare_center,citgo,CITGO Petroleum Corp.,6.397,10295.0,N
little_hands_daycare,Little Hands Daycare,childcare_center,buckeye,South Portland Terminal LLC (Buckeye Terminals),6.335,10195.2,N
little_hands_daycare,Little Hands Daycare,childcare_center,gulf_sunoco,Gulf Oil LP / Sunoco Midstream LLC,5.85,9414.7,N
little_hands_daycare,Little Hands Daycare,childcare_center,sprague,Sprague Operating Resources LLC,6.407,10311.1,N
little_hands_daycare,Little Hands Daycare,childcare_center,pplc,Portland Pipe Line Corp.,7.212,11606.6,N
scarborough_childrens_academy,Scarborough Childrens Academy,childcare_center,global,Global Companies LLC,8.174,13154.8,N
scarborough_childrens_academy,Scarborough Childrens Academy,childcare_center,citgo,CITGO Petroleum Corp.,8.706,14010.9,N
scarborough_childrens_academy,Scarborough Childrens Academy,childcare_center,buckeye,South Portland Terminal LLC (Buckeye Terminals),8.111,13053.4,N
scarborough_childrens_academy,Scarborough Childrens Academy,childcare_center,gulf_sunoco,Gulf Oil LP / Sunoco Midstream LLC,9.935,15988.8,N
scarborough_childrens_academy,Scarborough Childrens Academy,childcare_center,sprague,Sprague Operating Resources LLC,7.659,12326.0,N
scarborough_childrens_academy,Scarborough Childrens Academy,childcare_center,pplc,Portland Pipe Line Corp.,8.087,13014.8,N
sun_catchers_childcare,Sun Catchers Childcare,childcare_center,global,Global Companies LLC,8.174,13154.8,N
sun_catchers_childcare,Sun Catchers Childcare,childcare_center,citgo,CITGO Petroleum Corp.,8.706,14010.9,N
sun_catchers_childcare,Sun Catchers Childcare,childcare_center,buckeye,South Portland Terminal LLC (Buckeye Terminals),8.111,13053.4,N
sun_catchers_childcare,Sun Catchers Childcare,childcare_center,gulf_sunoco,Gulf Oil LP / Sunoco Midstream LLC,9.935,15988.8,N
sun_catchers_childcare,Sun Catchers Childcare,childcare_center,sprague,Sprague Operating Resources LLC,7.659,12326.0,N
sun_catchers_childcare,Sun Catchers Childcare,childcare_center,pplc,Portland Pipe Line Corp.,8.087,13014.8,N
seedlings_to_sunflowers_south_gorham,Seedlings To Sunflowers-South Gorham,childcare_center,global,Global Companies LLC,7.267,11695.1,N
seedlings_to_sunflowers_south_gorham,Seedlings To Sunflowers-South Gorham,childcare_center,citgo,CITGO Petroleum Corp.,7.636,12289.0,N
seedlings_to_sunflowers_south_gorham,Seedlings To Sunflowers-South Gorham,childcare_center,buckeye,South Portland Terminal LLC (Buckeye Terminals),6.863,11044.9,N
seedlings_to_sunflowers_south_gorham,Seedlings To Sunflowers-South Gorham,childcare_center,gulf_sunoco,Gulf Oil LP / Sunoco Midstream LLC,8.463,13619.9,N
seedlings_to_sunflowers_south_gorham,Seedlings To Sunflowers-South Gorham,childcare_center,sprague,Sprague Operating Resources LLC,6.412,10319.1,N
seedlings_to_sunflowers_south_gorham,Seedlings To Sunflowers-South Gorham,childcare_center,pplc,Portland Pipe Line Corp.,7.336,11806.1,N
mountainside_community_church,Mountainside Community Church,childcare_center,global,Global Companies LLC,7.649,12309.9,N
mountainside_community_church,Mountainside Community Church,childcare_center,citgo,CITGO Petroleum Corp.,7.227,11630.7,N
mountainside_community_church,Mountainside Community Church,childcare_center,buckeye,South Portland Terminal LLC (Buckeye Terminals),7.16,11522.9,N
mountainside_community_church,Mountainside Community Church,childcare_center,gulf_sunoco,Gulf Oil LP / Sunoco Midstream LLC,6.67,10734.3,N
mountainside_community_church,Mountainside Community Church,childcare_center,sprague,Sprague Operating Resources LLC,7.227,11630.7,N
mountainside_community_church,Mountainside Community Church,childcare_center,pplc,Portland Pipe Line Corp.,8.038,12935.9,N
carla_fickett,Carla Fickett,childcare_family,global,Global Companies LLC,8.092,13022.8,N
carla_fickett,Carla Fickett,childcare_family,citgo,CITGO Petroleum Corp.,8.404,13524.9,N
carla_fickett,Carla Fickett,childcare_family,buckeye,South Portland Terminal LLC (Buckeye Terminals),7.696,12385.5,N
carla_fickett,Carla Fickett,childcare_family,gulf_sunoco,Gulf Oil LP / Sunoco Midstream LLC,9.161,14743.2,N
carla_fickett,Carla Fickett,childcare_family,sprague,Sprague Operating Resources LLC,7.235,11643.6,N
carla_fickett,Carla Fickett,childcare_family,pplc,Portland Pipe Line Corp.,8.201,13198.2,N
roselyn_north_academy_saco,Roselyn North Academy- Saco,childcare_center,global,Global Companies LLC,8.265,13301.2,N
roselyn_north_academy_saco,Roselyn North Academy- Saco,childcare_center,citgo,CITGO Petroleum Corp.,8.798,14159.0,N
roselyn_north_academy_saco,Roselyn North Academy- Saco,childcare_center,buckeye,South Portland Terminal LLC (Buckeye Terminals),8.211,13214.3,N
roselyn_north_academy_saco,Roselyn North Academy- Saco,childcare_center,gulf_sunoco,Gulf Oil LP / Sunoco Midstream LLC,10.026,16135.3,N
roselyn_north_academy_saco,Roselyn North Academy- Saco,childcare_center,sprague,Sprague Operating Resources LLC,7.76,12488.5,N
roselyn_north_academy_saco,Roselyn North Academy- Saco,childcare_center,pplc,Portland Pipe Line Corp.,8.173,13153.2,N
roselyn_north_academy_north_gorham,Roselyn North Academy- North Gorham,childcare_center,global,Global Companies LLC,8.544,13750.2,N
roselyn_north_academy_north_gorham,Roselyn North Academy- North Gorham,childcare_center,citgo,CITGO Petroleum Corp.,8.751,14083.4,N
roselyn_north_academy_north_gorham,Roselyn North Academy- North Gorham,childcare_center,buckeye,South Portland Terminal LLC (Buckeye Terminals),8.171,13149.9,N
roselyn_north_academy_north_gorham,Roselyn North Academy- North Gorham,childcare_center,gulf_sunoco,Gulf Oil LP / Sunoco Midstream LLC,9.366,15073.1,N
roselyn_north_academy_north_gorham,Roselyn North Academy- North Gorham,childcare_center,sprague,Sprague Operating Resources LLC,7.717,12419.3,N
roselyn_north_academy_north_gorham,Roselyn North Academy- North Gorham,childcare_center,pplc,Portland Pipe Line Corp.,8.726,14043.1,N
katelyn_cain,Katelyn Cain,childcare_family,global,Global Companies LLC,356.066,573032.7,N
katelyn_cain,Katelyn Cain,childcare_family,citgo,CITGO Petroleum Corp.,356.482,573702.2,N
katelyn_cain,Katelyn Cain,childcare_family,buckeye,South Portland Terminal LLC (Buckeye Terminals),355.698,572440.4,N
katelyn_cain,Katelyn Cain,childcare_family,gulf_sunoco,Gulf Oil LP / Sunoco Midstream LLC,357.443,575248.7,N
katelyn_cain,Katelyn Cain,childcare_family,sprague,Sprague Operating Resources LLC,355.271,571753.3,N
katelyn_cain,Katelyn Cain,childcare_family,pplc,Portland Pipe Line Corp.,356.099,573085.8,N
rebecca_armstrong,Rebecca Armstrong,childcare_family,global,Global Companies LLC,8.573,13796.9,N
rebecca_armstrong,Rebecca Armstrong,childcare_family,citgo,CITGO Petroleum Corp.,7.831,12602.8,N
rebecca_armstrong,Rebecca Armstrong,childcare_family,buckeye,South Portland Terminal LLC (Buckeye Terminals),8.145,13108.1,N
rebecca_armstrong,Rebecca Armstrong,childcare_family,gulf_sunoco,Gulf Oil LP / Sunoco Midstream LLC,6.861,11041.7,N
rebecca_armstrong,Rebecca Armstrong,childcare_family,sprague,Sprague Operating Resources LLC,8.405,13526.5,N
rebecca_armstrong,Rebecca Armstrong,childcare_family,pplc,Portland Pipe Line Corp.,8.897,14318.3,N
jill_ball,Jill Ball,childcare_family,global,Global Companies LLC,8.643,13909.6,N
jill_ball,Jill Ball,childcare_family,citgo,CITGO Petroleum Corp.,8.895,14315.1,N
jill_ball,Jill Ball,childcare_family,buckeye,South Portland Terminal LLC (Buckeye Terminals),8.263,13298.0,N
jill_ball,Jill Ball,childcare_family,gulf_sunoco,Gulf Oil LP / Sunoco Midstream LLC,9.572,15404.6,N
jill_ball,Jill Ball,childcare_family,sprague,Sprague Operating Resources LLC,7.799,12551.3,N
jill_ball,Jill Ball,childcare_family,pplc,Portland Pipe Line Corp.,8.794,14152.6,N
children_s_adventure_day_care_amp_learning_center,Children's Adventure Day Care &amp; Learning Center,childcare_center,global,Global Companies LLC,8.872,14278.1,N
children_s_adventure_day_care_amp_learning_center,Children's Adventure Day Care &amp; Learning Center,childcare_center,citgo,CITGO Petroleum Corp.,9.078,14609.6,N
children_s_adventure_day_care_amp_learning_center,Children's Adventure Day Care &amp; Learning Center,childcare_center,buckeye,South Portland Terminal LLC (Buckeye Terminals),8.498,13676.2,N
children_s_adventure_day_care_amp_learning_center,Children's Adventure Day Care &amp; Learning Center,childcare_center,gulf_sunoco,Gulf Oil LP / Sunoco Midstream LLC,9.69,15594.5,N
children_s_adventure_day_care_amp_learning_center,Children's Adventure Day Care &amp; Learning Center,childcare_center,sprague,Sprague Operating Resources LLC,8.045,12947.2,N
children_s_adventure_day_care_amp_learning_center,Children's Adventure Day Care &amp; Learning Center,childcare_center,pplc,Portland Pipe Line Corp.,9.053,14569.4,N
gorham_arts_alliance,Gorham Arts Alliance,childcare_center,global,Global Companies LLC,8.875,14282.9,N
gorham_arts_alliance,Gorham Arts Alliance,childcare_center,citgo,CITGO Petroleum Corp.,9.083,14617.7,N
gorham_arts_alliance,Gorham Arts Alliance,childcare_center,buckeye,South Portland Terminal LLC (Buckeye Terminals),8.501,13681.0,N
gorham_arts_alliance,Gorham Arts Alliance,childcare_center,gulf_sunoco,Gulf Oil LP / Sunoco Midstream LLC,9.697,15605.8,N
gorham_arts_alliance,Gorham Arts Alliance,childcare_center,sprague,Sprague Operating Resources LLC,8.047,12950.4,N
gorham_arts_alliance,Gorham Arts Alliance,childcare_center,pplc,Portland Pipe Line Corp.,9.055,14572.6,N
dayle_footer,Dayle Footer,childcare_family,global,Global Companies LLC,9.045,14556.5,N
dayle_footer,Dayle Footer,childcare_family,citgo,CITGO Petroleum Corp.,9.283,14939.5,N
dayle_footer,Dayle Footer,childcare_family,buckeye,South Portland Terminal LLC (Buckeye Terminals),8.669,13951.4,N
dayle_footer,Dayle Footer,childcare_family,gulf_sunoco,Gulf Oil LP / Sunoco Midstream LLC,9.938,15993.7,N
dayle_footer,Dayle Footer,childcare_family,sprague,Sprague Operating Resources LLC,8.205,13204.7,N
dayle_footer,Dayle Footer,childcare_family,pplc,Portland Pipe Line Corp.,9.205,14814.0,N
amy_toney_bolduc,Amy Toney- Bolduc,childcare_family,global,Global Companies LLC,8.962,14422.9,N
amy_toney_bolduc,Amy Toney- Bolduc,childcare_family,citgo,CITGO Petroleum Corp.,9.475,15248.5,N
amy_toney_bolduc,Amy Toney- Bolduc,childcare_family,buckeye,South Portland Terminal LLC (Buckeye Terminals),8.791,14147.7,N
amy_toney_bolduc,Amy Toney- Bolduc,childcare_family,gulf_sunoco,Gulf Oil LP / Sunoco Midstream LLC,10.703,17224.8,N
amy_toney_bolduc,Amy Toney- Bolduc,childcare_family,sprague,Sprague Operating Resources LLC,8.348,13434.8,N
amy_toney_bolduc,Amy Toney- Bolduc,childcare_family,pplc,Portland Pipe Line Corp.,8.936,14381.1,N
ashley_bubar,Ashley Bubar,childcare_family,global,Global Companies LLC,10.092,16241.5,N
ashley_bubar,Ashley Bubar,childcare_family,citgo,CITGO Petroleum Corp.,9.854,15858.5,N
ashley_bubar,Ashley Bubar,childcare_family,buckeye,South Portland Terminal LLC (Buckeye Terminals),9.589,15432.0,N
ashley_bubar,Ashley Bubar,childcare_family,gulf_sunoco,Gulf Oil LP / Sunoco Midstream LLC,9.571,15403.0,N
ashley_bubar,Ashley Bubar,childcare_family,sprague,Sprague Operating Resources LLC,9.558,15382.1,N
ashley_bubar,Ashley Bubar,childcare_family,pplc,Portland Pipe Line Corp.,10.462,16837.0,N
watch_us_grow_preschool,Watch Us Grow Preschool,childcare_nursery,global,Global Companies LLC,9.645,15522.1,N
watch_us_grow_preschool,Watch Us Grow Preschool,childcare_nursery,citgo,CITGO Petroleum Corp.,9.875,15892.3,N
watch_us_grow_preschool,Watch Us Grow Preschool,childcare_nursery,buckeye,South Portland Terminal LLC (Buckeye Terminals),9.27,14918.6,N
watch_us_grow_preschool,Watch Us Grow Preschool,childcare_nursery,gulf_sunoco,Gulf Oil LP / Sunoco Midstream LLC,10.514,16920.6,N
watch_us_grow_preschool,Watch Us Grow Preschool,childcare_nursery,sprague,Sprague Operating Resources LLC,8.808,14175.1,N
watch_us_grow_preschool,Watch Us Grow Preschool,childcare_nursery,pplc,Portland Pipe Line Corp.,9.81,15787.7,N
willow_school_cumberland,Willow School- Cumberland,childcare_center,global,Global Companies LLC,9.664,15552.7,N
willow_school_cumberland,Willow School- Cumberland,childcare_center,citgo,CITGO Petroleum Corp.,9.035,14540.4,N
willow_school_cumberland,Willow School- Cumberland,childcare_center,buckeye,South Portland Terminal LLC (Buckeye Terminals),9.204,14812.4,N
willow_school_cumberland,Willow School- Cumberland,childcare_center,gulf_sunoco,Gulf Oil LP / Sunoco Midstream LLC,8.194,13187.0,N
willow_school_cumberland,Willow School- Cumberland,childcare_center,sprague,Sprague Operating Resources LLC,9.374,15086.0,N
willow_school_cumberland,Willow School- Cumberland,childcare_center,pplc,Portland Pipe Line Corp.,10.041,16159.4,N
kids_place_child_care_center,Kids Place Child Care Center,childcare_center,global,Global Companies LLC,9.716,15636.4,N
kids_place_child_care_center,Kids Place Child Care Center,childcare_center,citgo,CITGO Petroleum Corp.,8.92,14355.3,N
kids_place_child_care_center,Kids Place Child Care Center,childcare_center,buckeye,South Portland Terminal LLC (Buckeye Terminals),9.444,15198.6,N
kids_place_child_care_center,Kids Place Child Care Center,childcare_center,gulf_sunoco,Gulf Oil LP / Sunoco Midstream LLC,7.337,11807.8,N
kids_place_child_care_center,Kids Place Child Care Center,childcare_center,sprague,Sprague Operating Resources LLC,9.92,15964.7,N
kids_place_child_care_center,Kids Place Child Care Center,childcare_center,pplc,Portland Pipe Line Corp.,9.698,15607.4,N
denise_dyer,Denise Dyer,childcare_family,global,Global Companies LLC,9.784,15745.8,N
denise_dyer,Denise Dyer,childcare_family,citgo,CITGO Petroleum Corp.,9.625,15489.9,N
denise_dyer,Denise Dyer,childcare_family,buckeye,South Portland Terminal LLC (Buckeye Terminals),9.282,14937.9,N
denise_dyer,Denise Dyer,childcare_family,gulf_sunoco,Gulf Oil LP / Sunoco Midstream LLC,9.542,15356.4,N
denise_dyer,Denise Dyer,childcare_family,sprague,Sprague Operating Resources LLC,9.188,14786.7,N
denise_dyer,Denise Dyer,childcare_family,pplc,Portland Pipe Line Corp.,10.133,16307.5,N
camilla_taylor,Camilla Taylor,childcare_license_exempt,global,Global Companies LLC,1.426,2294.9,N
camilla_taylor,Camilla Taylor,childcare_license_exempt,citgo,CITGO Petroleum Corp.,0.651,1047.7,Y
camilla_taylor,Camilla Taylor,childcare_license_exempt,buckeye,South Portland Terminal LLC (Buckeye Terminals),1.498,2410.8,N
camilla_taylor,Camilla Taylor,childcare_license_exempt,gulf_sunoco,Gulf Oil LP / Sunoco Midstream LLC,0.299,481.2,Y
camilla_taylor,Camilla Taylor,childcare_license_exempt,sprague,Sprague Operating Resources LLC,1.875,3017.5,N
camilla_taylor,Camilla Taylor,childcare_license_exempt,pplc,Portland Pipe Line Corp.,1.273,2048.7,N
jacobs_maija,"Jacobs, Maija",childcare_license_exempt,global,Global Companies LLC,5.071,8161.0,N
jacobs_maija,"Jacobs, Maija",childcare_license_exempt,citgo,CITGO Petroleum Corp.,5.096,8201.2,N
jacobs_maija,"Jacobs, Maija",childcare_license_exempt,buckeye,South Portland Terminal LLC (Buckeye Terminals),4.605,7411.0,N
jacobs_maija,"Jacobs, Maija",childcare_license_exempt,gulf_sunoco,Gulf Oil LP / Sunoco Midstream LLC,5.494,8841.7,N
jacobs_maija,"Jacobs, Maija",childcare_license_exempt,sprague,Sprague Operating Resources LLC,4.357,7011.9,N
jacobs_maija,"Jacobs, Maija",childcare_license_exempt,pplc,Portland Pipe Line Corp.,5.36,8626.1,N
michelle_mcclure,Michelle McClure,childcare_family,global,Global Companies LLC,10.149,16333.2,N
michelle_mcclure,Michelle McClure,childcare_family,citgo,CITGO Petroleum Corp.,10.548,16975.4,N
michelle_mcclure,Michelle McClure,childcare_family,buckeye,South Portland Terminal LLC (Buckeye Terminals),9.77,15723.3,N
michelle_mcclure,Michelle McClure,childcare_family,gulf_sunoco,Gulf Oil LP / Sunoco Midstream LLC,11.484,18481.7,N
michelle_mcclure,Michelle McClure,childcare_family,sprague,Sprague Operating Resources LLC,9.339,15029.7,N
michelle_mcclure,Michelle McClure,childcare_family,pplc,Portland Pipe Line Corp.,10.194,16405.7,N
nichole_reasoner,Nichole Reasoner,childcare_family,global,Global Companies LLC,10.166,16360.6,N
nichole_reasoner,Nichole Reasoner,childcare_family,citgo,CITGO Petroleum Corp.,10.161,16352.5,N
nichole_reasoner,Nichole Reasoner,childcare_family,buckeye,South Portland Terminal LLC (Buckeye Terminals),9.695,15602.6,N
nichole_reasoner,Nichole Reasoner,childcare_family,gulf_sunoco,Gulf Oil LP / Sunoco Midstream LLC,10.415,16761.3,N
nichole_reasoner,Nichole Reasoner,childcare_family,sprague,Sprague Operating Resources LLC,9.455,15216.3,N
nichole_reasoner,Nichole Reasoner,childcare_family,pplc,Portland Pipe Line Corp.,10.459,16832.1,N
sara_wiggs,Sara Wiggs,childcare_family,global,Global Companies LLC,10.028,16138.5,N
sara_wiggs,Sara Wiggs,childcare_family,citgo,CITGO Petroleum Corp.,10.555,16986.6,N
sara_wiggs,Sara Wiggs,childcare_family,buckeye,South Portland Terminal LLC (Buckeye Terminals),9.916,15958.3,N
sara_wiggs,Sara Wiggs,childcare_family,gulf_sunoco,Gulf Oil LP / Sunoco Midstream LLC,11.787,18969.3,N
sara_wiggs,Sara Wiggs,childcare_family,sprague,Sprague Operating Resources LLC,9.466,15234.1,N
sara_wiggs,Sara Wiggs,childcare_family,pplc,Portland Pipe Line Corp.,9.965,16037.1,N
toddle_inn_day_care_cumberland_foreside,Toddle Inn Day Care - Cumberland Foreside,childcare_center,global,Global Companies LLC,10.737,17279.5,N
toddle_inn_day_care_cumberland_foreside,Toddle Inn Day Care - Cumberland Foreside,childcare_center,citgo,CITGO Petroleum Corp.,9.967,16040.3,N
toddle_inn_day_care_cumberland_foreside,Toddle Inn Day Care - Cumberland Foreside,childcare_center,buckeye,South Portland Terminal LLC (Buckeye Terminals),10.316,16602.0,N
toddle_inn_day_care_cumberland_foreside,Toddle Inn Day Care - Cumberland Foreside,childcare_center,gulf_sunoco,Gulf Oil LP / Sunoco Midstream LLC,8.941,14389.1,N
toddle_inn_day_care_cumberland_foreside,Toddle Inn Day Care - Cumberland Foreside,childcare_center,sprague,Sprague Operating Resources LLC,10.605,17067.1,N
toddle_inn_day_care_cumberland_foreside,Toddle Inn Day Care - Cumberland Foreside,childcare_center,pplc,Portland Pipe Line Corp.,11.01,17718.9,N
finch_amp_fiddle,FINCH &amp; FIDDLE,childcare_family,global,Global Companies LLC,11.269,18135.7,N
finch_amp_fiddle,FINCH &amp; FIDDLE,childcare_family,citgo,CITGO Petroleum Corp.,10.467,16845.0,N
finch_amp_fiddle,FINCH &amp; FIDDLE,childcare_family,buckeye,South Portland Terminal LLC (Buckeye Terminals),10.862,17480.7,N
finch_amp_fiddle,FINCH &amp; FIDDLE,childcare_family,gulf_sunoco,Gulf Oil LP / Sunoco Midstream LLC,9.283,14939.5,N
finch_amp_fiddle,FINCH &amp; FIDDLE,childcare_family,sprague,Sprague Operating Resources LLC,11.199,18023.0,N
finch_amp_fiddle,FINCH &amp; FIDDLE,childcare_family,pplc,Portland Pipe Line Corp.,11.466,18452.7,N
darcey_james,Darcey James,childcare_family,global,Global Companies LLC,10.725,17260.2,N
darcey_james,Darcey James,childcare_family,citgo,CITGO Petroleum Corp.,10.081,16223.8,N
darcey_james,Darcey James,childcare_family,buckeye,South Portland Terminal LLC (Buckeye Terminals),10.268,16524.7,N
darcey_james,Darcey James,childcare_family,gulf_sunoco,Gulf Oil LP / Sunoco Midstream LLC,9.217,14833.3,N
darcey_james,Darcey James,childcare_family,sprague,Sprague Operating Resources LLC,10.444,16808.0,N
darcey_james,Darcey James,childcare_family,pplc,Portland Pipe Line Corp.,11.099,17862.1,N
