{
 "type": "FeatureCollection",
 "name": "south_portland_tank_farm_structures",
 "crs": {
  "type": "name",
  "properties": {
   "name": "urn:ogc:def:crs:OGC:1.3:CRS84"
  }
 },
 "features": [
  {
   "type": "Feature",
   "geometry": {
    "type": "Polygon",
    "coordinates": [
     [
      [
       -70.2305554,
       43.6531913
      ],
      [
       -70.2307857,
       43.6532643
      ],
      [
       -70.2321065,
       43.651083
      ],
      [
       -70.2321334,
       43.6510386
      ],
      [
       -70.2321543,
       43.6510041
      ],
      [
       -70.2322628,
       43.6508249
      ],
      [
       -70.2322948,
       43.6507721
      ],
      [
       -70.2323052,
       43.6507549
      ],
      [
       -70.2321224,
       43.6506969
      ],
      [
       -70.2320823,
       43.6506842
      ],
      [
       -70.2320603,
       43.6506772
      ],
      [
       -70.2320394,
       43.6506706
      ],
      [
       -70.2320249,
       43.650666
      ],
      [
       -70.2319821,
       43.6507366
      ],
      [
       -70.2319458,
       43.6507966
      ],
      [
       -70.2305052,
       43.6531754
      ],
      [
       -70.2305092,
       43.6531766
      ],
      [
       -70.2305391,
       43.6531861
      ],
      [
       -70.2305554,
       43.6531913
      ]
     ]
    ]
   },
   "properties": {
    "osm_way_id": 30594100,
    "structure_type": "industrial_parcel",
    "name": "",
    "farm_id": "gulf_sunoco",
    "used_in_analysis": "Y",
    "contains_tanks": 0
   }
  },
  {
   "type": "Feature",
   "geometry": {
    "type": "Polygon",
    "coordinates": [
     [
      [
       -70.2644198,
       43.62568
      ],
      [
       -70.264477,
       43.6257368
      ],
      [
       -70.2645571,
       43.6257767
      ],
      [
       -70.2646509,
       43.6257951
      ],
      [
       -70.264743,
       43.6257906
      ],
      [
       -70.2648284,
       43.6257653
      ],
      [
       -70.2648984,
       43.6257218
      ],
      [
       -70.2649458,
       43.6256645
      ],
      [
       -70.2649658,
       43.6255993
      ],
      [
       -70.2649562,
       43.6255328
      ],
      [
       -70.2649181,
       43.625472
      ],
      [
       -70.2648555,
       43.625423
      ],
      [
       -70.2647746,
       43.6253908
      ],
      [
       -70.2646788,
       43.6253787
      ],
      [
       -70.264583,
       43.6253904
      ],
      [
       -70.2644979,
       43.6254245
      ],
      [
       -70.2644334,
       43.6254771
      ],
      [
       -70.2643966,
       43.6255423
      ],
      [
       -70.2643919,
       43.6256125
      ],
      [
       -70.2644198,
       43.62568
      ]
     ]
    ]
   },
   "properties": {
    "osm_way_id": 449912921,
    "structure_type": "storage_tank",
    "name": "",
    "farm_id": "pplc",
    "used_in_analysis": "Y",
    "contains_tanks": 1
   }
  },
  {
   "type": "Feature",
   "geometry": {
    "type": "Polygon",
    "coordinates": [
     [
      [
       -70.2656659,
       43.6261734
      ],
      [
       -70.2657133,
       43.6262315
      ],
      [
       -70.2657837,
       43.6262758
      ],
      [
       -70.2658697,
       43.6263018
      ],
      [
       -70.2659627,
       43.6263067
      ],
      [
       -70.2660585,
       43.6262885
      ],
      [
       -70.2661403,
       43.6262481
      ],
      [
       -70.2661987,
       43.6261901
      ],
      [
       -70.2662269,
       43.6261214
      ],
      [
       -70.2662217,
       43.6260498
      ],
      [
       -70.2661838,
       43.6259836
      ],
      [
       -70.2661174,
       43.6259304
      ],
      [
       -70.2660302,
       43.6258964
      ],
      [
       -70.2659323,
       43.6258854
      ],
      [
       -70.2658405,
       43.6258974
      ],
      [
       -70.2657587,
       43.6259297
      ],
      [
       -70.2656951,
       43.625979
      ],
      [
       -70.2656563,
       43.6260404
      ],
      [
       -70.2656462,
       43.6261075
      ],
      [
       -70.2656659,
       43.6261734
      ]
     ]
    ]
   },
   "properties": {
    "osm_way_id": 449915779,
    "structure_type": "storage_tank",
    "name": "",
    "farm_id": "pplc",
    "used_in_analysis": "Y",
    "contains_tanks": 1
   }
  },
  {
   "type": "Feature",
   "geometry": {
    "type": "Polygon",
    "coordinates": [
     [
      [
       -70.264848,
       43.6264816
      ],
      [
       -70.2648146,
       43.6265458
      ],
      [
       -70.2647539,
       43.6265984
      ],
      [
       -70.2646728,
       43.6266337
      ],
      [
       -70.2645801,
       43.6266477
      ],
      [
       -70.2644888,
       43.6266395
      ],
      [
       -70.2644058,
       43.6266106
      ],
      [
       -70.26434,
       43.626564
      ],
      [
       -70.2642982,
       43.6265047
      ],
      [
       -70.2642848,
       43.6264388
      ],
      [
       -70.2643012,
       43.6263732
      ],
      [
       -70.2643457,
       43.6263149
      ],
      [
       -70.2644136,
       43.6262699
      ],
      [
       -70.2645003,
       43.6262425
      ],
      [
       -70.2645947,
       43.6262372
      ],
      [
       -70.2646863,
       43.6262547
      ],
      [
       -70.2647648,
       43.626293
      ],
      [
       -70.2648216,
       43.6263478
      ],
      [
       -70.2648504,
       43.6264131
      ],
      [
       -70.264848,
       43.6264816
      ]
     ]
    ]
   },
   "properties": {
    "osm_way_id": 449915781,
    "structure_type": "storage_tank",
    "name": "",
    "farm_id": "pplc",
    "used_in_analysis": "Y",
    "contains_tanks": 1
   }
  },
  {
   "type": "Feature",
   "geometry": {
    "type": "Polygon",
    "coordinates": [
     [
      [
       -70.2663852,
       43.6273017
      ],
      [
       -70.2663498,
       43.6273622
      ],
      [
       -70.2662898,
       43.6274114
      ],
      [
       -70.2662112,
       43.6274443
      ],
      [
       -70.2661223,
       43.6274575
      ],
      [
       -70.266027,
       43.6274485
      ],
      [
       -70.2659414,
       43.6274169
      ],
      [
       -70.2658754,
       43.6273663
      ],
      [
       -70.2658366,
       43.6273026
      ],
      [
       -70.2658296,
       43.6272332
      ],
      [
       -70.2658551,
       43.6271662
      ],
      [
       -70.2659102,
       43.6271091
      ],
      [
       -70.2659885,
       43.6270688
      ],
      [
       -70.2660755,
       43.6270503
      ],
      [
       -70.2661662,
       43.6270526
      ],
      [
       -70.2662512,
       43.6270757
      ],
      [
       -70.2663217,
       43.6271171
      ],
      [
       -70.2663704,
       43.6271725
      ],
      [
       -70.2663923,
       43.6272362
      ],
      [
       -70.2663852,
       43.6273017
      ]
     ]
    ]
   },
   "properties": {
    "osm_way_id": 449915782,
    "structure_type": "storage_tank",
    "name": "",
    "farm_id": "pplc",
    "used_in_analysis": "Y",
    "contains_tanks": 1
   }
  },
  {
   "type": "Feature",
   "geometry": {
    "type": "Polygon",
    "coordinates": [
     [
      [
       -70.2649612,
       43.6279623
      ],
      [
       -70.2648574,
       43.627909
      ],
      [
       -70.2647834,
       43.6278341
      ],
      [
       -70.2647474,
       43.6277468
      ],
      [
       -70.2647523,
       43.6276557
      ],
      [
       -70.2647976,
       43.6275707
      ],
      [
       -70.2648784,
       43.6275009
      ],
      [
       -70.264986,
       43.6274536
      ],
      [
       -70.2651089,
       43.6274341
      ],
      [
       -70.265234,
       43.6274444
      ],
      [
       -70.2653478,
       43.6274834
      ],
      [
       -70.265438,
       43.6275469
      ],
      [
       -70.2654951,
       43.6276281
      ],
      [
       -70.2655129,
       43.6277192
      ],
      [
       -70.2654885,
       43.6278096
      ],
      [
       -70.2654247,
       43.6278893
      ],
      [
       -70.2653285,
       43.6279496
      ],
      [
       -70.2652104,
       43.6279837
      ],
      [
       -70.2650833,
       43.6279881
      ],
      [
       -70.2649612,
       43.6279623
      ]
     ]
    ]
   },
   "properties": {
    "osm_way_id": 449915784,
    "structure_type": "storage_tank",
    "name": "",
    "farm_id": "pplc",
    "used_in_analysis": "Y",
    "contains_tanks": 1
   }
  },
  {
   "type": "Feature",
   "geometry": {
    "type": "Polygon",
    "coordinates": [
     [
      [
       -70.2673968,
       43.6269481
      ],
      [
       -70.2673553,
       43.6270105
      ],
      [
       -70.2672875,
       43.6270594
      ],
      [
       -70.2672011,
       43.6270892
      ],
      [
       -70.2671059,
       43.6270965
      ],
      [
       -70.2670168,
       43.6270818
      ],
      [
       -70.2669389,
       43.6270473
      ],
      [
       -70.2668801,
       43.6269966
      ],
      [
       -70.2668466,
       43.6269351
      ],
      [
       -70.2668418,
       43.6268691
      ],
      [
       -70.2668663,
       43.6268053
      ],
      [
       -70.2669174,
       43.6267506
      ],
      [
       -70.26699,
       43.6267104
      ],
      [
       -70.2670764,
       43.626689
      ],
      [
       -70.2671678,
       43.6266885
      ],
      [
       -70.2672585,
       43.6267106
      ],
      [
       -70.2673339,
       43.6267533
      ],
      [
       -70.2673855,
       43.6268117
      ],
      [
       -70.2674072,
       43.6268792
      ],
      [
       -70.2673968,
       43.6269481
      ]
     ]
    ]
   },
   "properties": {
    "osm_way_id": 449915785,
    "structure_type": "storage_tank",
    "name": "",
    "farm_id": "pplc",
    "used_in_analysis": "Y",
    "contains_tanks": 1
   }
  },
  {
   "type": "Feature",
   "geometry": {
    "type": "Polygon",
    "coordinates": [
     [
      [
       -70.2672203,
       43.6258085
      ],
      [
       -70.267177,
       43.6258681
      ],
      [
       -70.2671092,
       43.6259141
      ],
      [
       -70.2670245,
       43.6259417
      ],
      [
       -70.2669319,
       43.6259478
      ],
      [
       -70.2668424,
       43.625932
      ],
      [
       -70.2667648,
       43.625896
      ],
      [
       -70.2667074,
       43.6258439
      ],
      [
       -70.2666763,
       43.6257811
      ],
      [
       -70.266675,
       43.6257144
      ],
      [
       -70.2667035,
       43.6256509
      ],
      [
       -70.2667587,
       43.6255976
      ],
      [
       -70.2668349,
       43.62556
      ],
      [
       -70.2669245,
       43.6255422
      ],
      [
       -70.2670172,
       43.6255465
      ],
      [
       -70.267103,
       43.6255724
      ],
      [
       -70.2671724,
       43.6256172
      ],
      [
       -70.2672178,
       43.6256759
      ],
      [
       -70.2672344,
       43.6257421
      ],
      [
       -70.2672203,
       43.6258085
      ]
     ]
    ]
   },
   "properties": {
    "osm_way_id": 449915786,
    "structure_type": "storage_tank",
    "name": "",
    "farm_id": "pplc",
    "used_in_analysis": "Y",
    "contains_tanks": 1
   }
  },
  {
   "type": "Feature",
   "geometry": {
    "type": "Polygon",
    "coordinates": [
     [
      [
       -70.2685828,
       43.6257424
      ],
      [
       -70.2685157,
       43.6257885
      ],
      [
       -70.2684316,
       43.6258162
      ],
      [
       -70.2683397,
       43.6258228
      ],
      [
       -70.2682496,
       43.6258073
      ],
      [
       -70.2681714,
       43.6257715
      ],
      [
       -70.2681134,
       43.6257192
      ],
      [
       -70.2680821,
       43.6256562
      ],
      [
       -70.2680808,
       43.6255892
      ],
      [
       -70.2681097,
       43.6255255
      ],
      [
       -70.2681655,
       43.6254721
      ],
      [
       -70.2682423,
       43.6254347
      ],
      [
       -70.2683317,
       43.6254174
      ],
      [
       -70.2684241,
       43.6254221
      ],
      [
       -70.2685092,
       43.6254481
      ],
      [
       -70.268578,
       43.6254928
      ],
      [
       -70.2686231,
       43.6255512
      ],
      [
       -70.2686395,
       43.625617
      ],
      [
       -70.2686256,
       43.6256832
      ],
      [
       -70.2685828,
       43.6257424
      ]
     ]
    ]
   },
   "properties": {
    "osm_way_id": 449915788,
    "structure_type": "storage_tank",
    "name": "",
    "farm_id": "pplc",
    "used_in_analysis": "Y",
    "contains_tanks": 1
   }
  },
  {
   "type": "Feature",
   "geometry": {
    "type": "Polygon",
    "coordinates": [
     [
      [
       -70.2687989,
       43.6264611
      ],
      [
       -70.268707,
       43.626477
      ],
      [
       -70.268613,
       43.6264707
      ],
      [
       -70.2685268,
       43.6264429
      ],
      [
       -70.2684574,
       43.6263965
      ],
      [
       -70.2684116,
       43.6263348
      ],
      [
       -70.2683963,
       43.6262656
      ],
      [
       -70.2684132,
       43.6261966
      ],
      [
       -70.2684606,
       43.6261355
      ],
      [
       -70.2685331,
       43.6260891
      ],
      [
       -70.2686226,
       43.6260625
      ],
      [
       -70.2687193,
       43.6260587
      ],
      [
       -70.2688123,
       43.6260781
      ],
      [
       -70.2688913,
       43.6261186
      ],
      [
       -70.2689465,
       43.6261741
      ],
      [
       -70.2689741,
       43.6262394
      ],
      [
       -70.2689713,
       43.6263077
      ],
      [
       -70.2689384,
       43.6263718
      ],
      [
       -70.2688788,
       43.6264248
      ],
      [
       -70.2687989,
       43.6264611
      ]
     ]
    ]
   },
   "properties": {
    "osm_way_id": 449915789,
    "structure_type": "storage_tank",
    "name": "",
    "farm_id": "pplc",
    "used_in_analysis": "Y",
    "contains_tanks": 1
   }
  },
  {
   "type": "Feature",
   "geometry": {
    "type": "Polygon",
    "coordinates": [
     [
      [
       -70.2700617,
       43.6250464
      ],
      [
       -70.2700054,
       43.6250994
      ],
      [
       -70.269929,
       43.6251369
      ],
      [
       -70.2698402,
       43.625155
      ],
      [
       -70.269748,
       43.625152
      ],
      [
       -70.2696561,
       43.6251258
      ],
      [
       -70.2695818,
       43.6250787
      ],
      [
       -70.2695336,
       43.6250163
      ],
      [
       -70.2695172,
       43.6249458
      ],
      [
       -70.2695344,
       43.6248755
      ],
      [
       -70.2695833,
       43.6248134
      ],
      [
       -70.2696582,
       43.6247668
      ],
      [
       -70.2697504,
       43.6247411
      ],
      [
       -70.2698491,
       43.6247393
      ],
      [
       -70.2699371,
       43.6247594
      ],
      [
       -70.2700119,
       43.6247986
      ],
      [
       -70.2700658,
       43.6248528
      ],
      [
       -70.2700935,
       43.6249165
      ],
      [
       -70.2700921,
       43.6249834
      ],
      [
       -70.2700617,
       43.6250464
      ]
     ]
    ]
   },
   "properties": {
    "osm_way_id": 449915791,
    "structure_type": "storage_tank",
    "name": "",
    "farm_id": "pplc",
    "used_in_analysis": "Y",
    "contains_tanks": 1
   }
  },
  {
   "type": "Feature",
   "geometry": {
    "type": "Polygon",
    "coordinates": [
     [
      [
       -70.2693783,
       43.6252558
      ],
      [
       -70.2693789,
       43.6253286
      ],
      [
       -70.2693452,
       43.6253972
      ],
      [
       -70.2692812,
       43.6254535
      ],
      [
       -70.2691946,
       43.6254906
      ],
      [
       -70.2690957,
       43.625504
      ],
      [
       -70.2690063,
       43.6254947
      ],
      [
       -70.2689252,
       43.625466
      ],
      [
       -70.2688601,
       43.6254206
      ],
      [
       -70.2688175,
       43.6253629
      ],
      [
       -70.2688013,
       43.6252986
      ],
      [
       -70.2688131,
       43.6252338
      ],
      [
       -70.2688519,
       43.6251747
      ],
      [
       -70.2689138,
       43.6251271
      ],
      [
       -70.2689929,
       43.6250955
      ],
      [
       -70.269092,
       43.6250829
      ],
      [
       -70.2691912,
       43.6250955
      ],
      [
       -70.2692784,
       43.6251318
      ],
      [
       -70.2693434,
       43.6251874
      ],
      [
       -70.2693783,
       43.6252558
      ]
     ]
    ]
   },
   "properties": {
    "osm_way_id": 449915792,
    "structure_type": "storage_tank",
    "name": "",
    "farm_id": "pplc",
    "used_in_analysis": "Y",
    "contains_tanks": 1
   }
  },
  {
   "type": "Feature",
   "geometry": {
    "type": "Polygon",
    "coordinates": [
     [
      [
       -70.2699982,
       43.6258285
      ],
      [
       -70.2699177,
       43.6258003
      ],
      [
       -70.2698547,
       43.6257544
      ],
      [
       -70.2698165,
       43.6256959
      ],
      [
       -70.269807,
       43.6256349
      ],
      [
       -70.2698247,
       43.625575
      ],
      [
       -70.2698675,
       43.6255221
      ],
      [
       -70.2699313,
       43.6254817
      ],
      [
       -70.2700093,
       43.625458
      ],
      [
       -70.2700938,
       43.6254533
      ],
      [
       -70.2701759,
       43.6254682
      ],
      [
       -70.2702474,
       43.625501
      ],
      [
       -70.2703009,
       43.6255485
      ],
      [
       -70.2703319,
       43.6256092
      ],
      [
       -70.2703332,
       43.625674
      ],
      [
       -70.2703047,
       43.6257353
      ],
      [
       -70.2702495,
       43.6257863
      ],
      [
       -70.2701741,
       43.6258211
      ],
      [
       -70.270087,
       43.6258357
      ],
      [
       -70.2699982,
       43.6258285
      ]
     ]
    ]
   },
   "properties": {
    "osm_way_id": 449915794,
    "structure_type": "storage_tank",
    "name": "",
    "farm_id": "pplc",
    "used_in_analysis": "Y",
    "contains_tanks": 1
   }
  },
  {
   "type": "Feature",
   "geometry": {
    "type": "Polygon",
    "coordinates": [
     [
      [
       -70.2714537,
       43.6253401
      ],
      [
       -70.2713628,
       43.6253469
      ],
      [
       -70.2712741,
       43.6253315
      ],
      [
       -70.2712006,
       43.6252977
      ],
      [
       -70.2711457,
       43.6252488
      ],
      [
       -70.2711152,
       43.6251897
      ],
      [
       -70.2711122,
       43.6251267
      ],
      [
       -70.2711369,
       43.6250663
      ],
      [
       -70.2711869,
       43.6250147
      ],
      [
       -70.2712569,
       43.6249773
      ],
      [
       -70.2713398,
       43.6249578
      ],
      [
       -70.2714269,
       43.6249585
      ],
      [
       -70.2715091,
       43.6249791
      ],
      [
       -70.271581,
       43.6250199
      ],
      [
       -70.2716301,
       43.6250756
      ],
      [
       -70.2716507,
       43.62514
      ],
      [
       -70.2716406,
       43.6252057
      ],
      [
       -70.2716009,
       43.6252652
      ],
      [
       -70.2715361,
       43.6253118
      ],
      [
       -70.2714537,
       43.6253401
      ]
     ]
    ]
   },
   "properties": {
    "osm_way_id": 449915795,
    "structure_type": "storage_tank",
    "name": "",
    "farm_id": "pplc",
    "used_in_analysis": "Y",
    "contains_tanks": 1
   }
  },
  {
   "type": "Feature",
   "geometry": {
    "type": "Polygon",
    "coordinates": [
     [
      [
       -70.271834,
       43.6258263
      ],
      [
       -70.2718176,
       43.6257597
      ],
      [
       -70.2718309,
       43.6256989
      ],
      [
       -70.2718697,
       43.625644
      ],
      [
       -70.2719303,
       43.6256007
      ],
      [
       -70.2720065,
       43.6255733
      ],
      [
       -70.2720907,
       43.6255644
      ],
      [
       -70.2721745,
       43.625575
      ],
      [
       -70.2722496,
       43.6256041
      ],
      [
       -70.2723084,
       43.6256486
      ],
      [
       -70.272345,
       43.6257042
      ],
      [
       -70.2723558,
       43.6257653
      ],
      [
       -70.2723397,
       43.6258258
      ],
      [
       -70.2722931,
       43.6258844
      ],
      [
       -70.2722216,
       43.6259279
      ],
      [
       -70.2721338,
       43.6259511
      ],
      [
       -70.2720404,
       43.6259512
      ],
      [
       -70.2719526,
       43.6259281
      ],
      [
       -70.2718809,
       43.6258848
      ],
      [
       -70.271834,
       43.6258263
      ]
     ]
    ]
   },
   "properties": {
    "osm_way_id": 449915797,
    "structure_type": "storage_tank",
    "name": "",
    "farm_id": "pplc",
    "used_in_analysis": "Y",
    "contains_tanks": 1
   }
  },
  {
   "type": "Feature",
   "geometry": {
    "type": "Polygon",
    "coordinates": [
     [
      [
       -70.2710611,
       43.626405
      ],
      [
       -70.2709989,
       43.6264529
      ],
      [
       -70.2709183,
       43.6264834
      ],
      [
       -70.2708284,
       43.6264929
      ],
      [
       -70.2707417,
       43.6264812
      ],
      [
       -70.2706648,
       43.62645
      ],
      [
       -70.2706056,
       43.6264026
      ],
      [
       -70.2705705,
       43.6263441
      ],
      [
       -70.2705631,
       43.6262805
      ],
      [
       -70.2705842,
       43.6262185
      ],
      [
       -70.2706315,
       43.6261646
      ],
      [
       -70.2707002,
       43.6261246
      ],
      [
       -70.2707829,
       43.6261025
      ],
      [
       -70.2708738,
       43.626101
      ],
      [
       -70.2709602,
       43.6261212
      ],
      [
       -70.2710327,
       43.6261609
      ],
      [
       -70.271083,
       43.6262157
      ],
      [
       -70.2711057,
       43.6262794
      ],
      [
       -70.2710981,
       43.6263449
      ],
      [
       -70.2710611,
       43.626405
      ]
     ]
    ]
   },
   "properties": {
    "osm_way_id": 449915798,
    "structure_type": "storage_tank",
    "name": "",
    "farm_id": "pplc",
    "used_in_analysis": "Y",
    "contains_tanks": 1
   }
  },
  {
   "type": "Feature",
   "geometry": {
    "type": "Polygon",
    "coordinates": [
     [
      [
       -70.2691076,
       43.6267885
      ],
      [
       -70.2690388,
       43.6268399
      ],
      [
       -70.2689975,
       43.626905
      ],
      [
       -70.2689885,
       43.6269762
      ],
      [
       -70.2690127,
       43.6270457
      ],
      [
       -70.2690674,
       43.6271053
      ],
      [
       -70.2691464,
       43.6271484
      ],
      [
       -70.2692351,
       43.6271694
      ],
      [
       -70.2693284,
       43.6271692
      ],
      [
       -70.2694169,
       43.6271479
      ],
      [
       -70.2694916,
       43.6271074
      ],
      [
       -70.2695451,
       43.627052
      ],
      [
       -70.2695717,
       43.6269873
      ],
      [
       -70.269569,
       43.6269198
      ],
      [
       -70.2695371,
       43.6268563
      ],
      [
       -70.269475,
       43.6268006
      ],
      [
       -70.2693909,
       43.6267629
      ],
      [
       -70.2692943,
       43.6267476
      ],
      [
       -70.2691961,
       43.6267565
      ],
      [
       -70.2691076,
       43.6267885
      ]
     ]
    ]
   },
   "properties": {
    "osm_way_id": 449915800,
    "structure_type": "storage_tank",
    "name": "",
    "farm_id": "pplc",
    "used_in_analysis": "Y",
    "contains_tanks": 1
   }
  },
  {
   "type": "Feature",
   "geometry": {
    "type": "Polygon",
    "coordinates": [
     [
      [
       -70.2705394,
       43.628256
      ],
      [
       -70.2704182,
       43.6282772
      ],
      [
       -70.270294,
       43.628269
      ],
      [
       -70.27018,
       43.6282324
      ],
      [
       -70.2700884,
       43.6281713
      ],
      [
       -70.2700278,
       43.6280901
      ],
      [
       -70.2700074,
       43.627999
      ],
      [
       -70.2700295,
       43.6279081
      ],
      [
       -70.2700916,
       43.6278275
      ],
      [
       -70.2701867,
       43.6277662
      ],
      [
       -70.2703045,
       43.6277308
      ],
      [
       -70.2704317,
       43.6277254
      ],
      [
       -70.2705544,
       43.6277505
      ],
      [
       -70.2706588,
       43.6278034
      ],
      [
       -70.2707322,
       43.6278764
      ],
      [
       -70.2707693,
       43.6279626
      ],
      [
       -70.2707662,
       43.6280528
      ],
      [
       -70.2707232,
       43.6281375
      ],
      [
       -70.2706448,
       43.6282077
      ],
      [
       -70.2705394,
       43.628256
      ]
     ]
    ]
   },
   "properties": {
    "osm_way_id": 449915801,
    "structure_type": "storage_tank",
    "name": "",
    "farm_id": "pplc",
    "used_in_analysis": "Y",
    "contains_tanks": 1
   }
  },
  {
   "type": "Feature",
   "geometry": {
    "type": "Polygon",
    "coordinates": [
     [
      [
       -70.272959,
       43.6265901
      ],
      [
       -70.2728656,
       43.6266087
      ],
      [
       -70.272769,
       43.6266033
      ],
      [
       -70.2726806,
       43.6265744
      ],
      [
       -70.2726158,
       43.6265303
      ],
      [
       -70.2725733,
       43.6264738
      ],
      [
       -70.2725572,
       43.6264105
      ],
      [
       -70.2725692,
       43.6263467
      ],
      [
       -70.2726081,
       43.6262888
      ],
      [
       -70.2726699,
       43.6262425
      ],
      [
       -70.2727487,
       43.6262126
      ],
      [
       -70.2728364,
       43.6262019
      ],
      [
       -70.2729243,
       43.6262115
      ],
      [
       -70.2730037,
       43.6262405
      ],
      [
       -70.2730713,
       43.6262908
      ],
      [
       -70.2731114,
       43.6263546
      ],
      [
       -70.2731192,
       43.6264245
      ],
      [
       -70.2730938,
       43.6264922
      ],
      [
       -70.2730382,
       43.6265497
      ],
      [
       -70.272959,
       43.6265901
      ]
     ]
    ]
   },
   "properties": {
    "osm_way_id": 449915802,
    "structure_type": "storage_tank",
    "name": "",
    "farm_id": "pplc",
    "used_in_analysis": "Y",
    "contains_tanks": 1
   }
  },
  {
   "type": "Feature",
   "geometry": {
    "type": "Polygon",
    "coordinates": [
     [
      [
       -70.273791,
       43.6271168
      ],
      [
       -70.2737288,
       43.6271675
      ],
      [
       -70.2736465,
       43.6271999
      ],
      [
       -70.2735539,
       43.6272101
      ],
      [
       -70.2734621,
       43.6271969
      ],
      [
       -70.2733892,
       43.6271662
      ],
      [
       -70.2733328,
       43.6271208
      ],
      [
       -70.2732984,
       43.627065
      ],
      [
       -70.2732893,
       43.6270043
      ],
      [
       -70.2733065,
       43.6269446
      ],
      [
       -70.2733482,
       43.6268915
      ],
      [
       -70.2734104,
       43.6268503
      ],
      [
       -70.2734871,
       43.6268249
      ],
      [
       -70.2735709,
       43.6268178
      ],
      [
       -70.2736624,
       43.6268321
      ],
      [
       -70.2737418,
       43.6268682
      ],
      [
       -70.2737994,
       43.6269216
      ],
      [
       -70.2738285,
       43.6269861
      ],
      [
       -70.2738256,
       43.6270538
      ],
      [
       -70.273791,
       43.6271168
      ]
     ]
    ]
   },
   "properties": {
    "osm_way_id": 449915804,
    "structure_type": "storage_tank",
    "name": "",
    "farm_id": "pplc",
    "used_in_analysis": "Y",
    "contains_tanks": 1
   }
  },
  {
   "type": "Feature",
   "geometry": {
    "type": "Polygon",
    "coordinates": [
     [
      [
       -70.2364822,
       43.6477404
      ],
      [
       -70.2363935,
       43.647805
      ],
      [
       -70.2362806,
       43.6478453
      ],
      [
       -70.2361558,
       43.6478571
      ],
      [
       -70.2360325,
       43.6478389
      ],
      [
       -70.2359233,
       43.6477925
      ],
      [
       -70.2358409,
       43.6477229
      ],
      [
       -70.2357944,
       43.6476377
      ],
      [
       -70.2357887,
       43.6475461
      ],
      [
       -70.2358246,
       43.6474583
      ],
      [
       -70.235898,
       43.6473836
      ],
      [
       -70.236001,
       43.6473303
      ],
      [
       -70.2361224,
       43.6473042
      ],
      [
       -70.2362489,
       43.6473081
      ],
      [
       -70.2363668,
       43.6473416
      ],
      [
       -70.2364627,
       43.6474007
      ],
      [
       -70.236527,
       43.647479
      ],
      [
       -70.2365528,
       43.6475681
      ],
      [
       -70.2365373,
       43.6476585
      ],
      [
       -70.2364822,
       43.6477404
      ]
     ]
    ]
   },
   "properties": {
    "osm_way_id": 450611749,
    "structure_type": "storage_tank",
    "name": "",
    "farm_id": "gulf_sunoco",
    "used_in_analysis": "Y",
    "contains_tanks": 1
   }
  },
  {
   "type": "Feature",
   "geometry": {
    "type": "Polygon",
    "coordinates": [
     [
      [
       -70.2369108,
       43.6485271
      ],
      [
       -70.2368101,
       43.6485802
      ],
      [
       -70.2366912,
       43.6486066
      ],
      [
       -70.2365668,
       43.6486037
      ],
      [
       -70.2364504,
       43.6485717
      ],
      [
       -70.2363549,
       43.6485141
      ],
      [
       -70.2362903,
       43.6484373
      ],
      [
       -70.2362638,
       43.6483494
      ],
      [
       -70.236278,
       43.64826
      ],
      [
       -70.2363316,
       43.6481789
      ],
      [
       -70.2364186,
       43.6481147
      ],
      [
       -70.2365297,
       43.6480744
      ],
      [
       -70.2366529,
       43.6480624
      ],
      [
       -70.2367748,
       43.6480799
      ],
      [
       -70.2368823,
       43.6481252
      ],
      [
       -70.2369637,
       43.6481933
      ],
      [
       -70.2370101,
       43.6482768
      ],
      [
       -70.2370165,
       43.6483668
      ],
      [
       -70.2369821,
       43.6484534
      ],
      [
       -70.2369108,
       43.6485271
      ]
     ]
    ]
   },
   "properties": {
    "osm_way_id": 450611750,
    "structure_type": "storage_tank",
    "name": "",
    "farm_id": "gulf_sunoco",
    "used_in_analysis": "Y",
    "contains_tanks": 1
   }
  },
  {
   "type": "Feature",
   "geometry": {
    "type": "Polygon",
    "coordinates": [
     [
      [
       -70.2380677,
       43.6509608
      ],
      [
       -70.2380683,
       43.6509891
      ],
      [
       -70.2380566,
       43.651016
      ],
      [
       -70.2380338,
       43.6510389
      ],
      [
       -70.2380024,
       43.6510556
      ],
      [
       -70.2379653,
       43.6510643
      ],
      [
       -70.2379263,
       43.6510642
      ],
      [
       -70.2378892,
       43.6510553
      ],
      [
       -70.2378556,
       43.6510367
      ],
      [
       -70.2378326,
       43.6510109
      ],
      [
       -70.237823,
       43.650981
      ],
      [
       -70.237828,
       43.6509506
      ],
      [
       -70.2378469,
       43.6509231
      ],
      [
       -70.2378776,
       43.6509019
      ],
      [
       -70.2379164,
       43.6508895
      ],
      [
       -70.2379586,
       43.6508873
      ],
      [
       -70.2379994,
       43.6508956
      ],
      [
       -70.2380315,
       43.6509117
      ],
      [
       -70.2380551,
       43.6509341
      ],
      [
       -70.2380677,
       43.6509608
      ]
     ]
    ]
   },
   "properties": {
    "osm_way_id": 450611751,
    "structure_type": "storage_tank",
    "name": "",
    "farm_id": "gulf_sunoco",
    "used_in_analysis": "Y",
    "contains_tanks": 1
   }
  },
  {
   "type": "Feature",
   "geometry": {
    "type": "Polygon",
    "coordinates": [
     [
      [
       -70.2384012,
       43.6513172
      ],
      [
       -70.2383928,
       43.6513699
      ],
      [
       -70.2383607,
       43.6514177
      ],
      [
       -70.2383086,
       43.6514551
      ],
      [
       -70.2382423,
       43.6514778
      ],
      [
       -70.2381693,
       43.6514835
      ],
      [
       -70.2380979,
       43.6514713
      ],
      [
       -70.2380384,
       43.6514442
      ],
      [
       -70.2379939,
       43.6514048
      ],
      [
       -70.237969,
       43.6513573
      ],
      [
       -70.2379662,
       43.6513064
      ],
      [
       -70.2379859,
       43.6512576
      ],
      [
       -70.2380259,
       43.6512159
      ],
      [
       -70.2380823,
       43.6511854
      ],
      [
       -70.238149,
       43.6511695
      ],
      [
       -70.2382193,
       43.6511698
      ],
      [
       -70.2382886,
       43.6511873
      ],
      [
       -70.238346,
       43.6512204
      ],
      [
       -70.238385,
       43.6512654
      ],
      [
       -70.2384012,
       43.6513172
      ]
     ]
    ]
   },
   "properties": {
    "osm_way_id": 450611752,
    "structure_type": "storage_tank",
    "name": "",
    "farm_id": "gulf_sunoco",
    "used_in_analysis": "Y",
    "contains_tanks": 1
   }
  },
  {
   "type": "Feature",
   "geometry": {
    "type": "Polygon",
    "coordinates": [
     [
      [
       -70.2387564,
       43.6518289
      ],
      [
       -70.2387003,
       43.65186
      ],
      [
       -70.2386333,
       43.6518763
      ],
      [
       -70.2385626,
       43.6518762
      ],
      [
       -70.2384948,
       43.6518592
      ],
      [
       -70.2384384,
       43.6518271
      ],
      [
       -70.2383995,
       43.6517835
      ],
      [
       -70.2383825,
       43.6517331
      ],
      [
       -70.2383892,
       43.6516814
      ],
      [
       -70.2384189,
       43.6516341
      ],
      [
       -70.2384682,
       43.6515965
      ],
      [
       -70.2385319,
       43.6515725
      ],
      [
       -70.2386029,
       43.651565
      ],
      [
       -70.2386734,
       43.6515746
      ],
      [
       -70.2387356,
       43.6516003
      ],
      [
       -70.2387823,
       43.6516387
      ],
      [
       -70.2388094,
       43.651686
      ],
      [
       -70.2388141,
       43.651737
      ],
      [
       -70.2387958,
       43.6517864
      ],
      [
       -70.2387564,
       43.6518289
      ]
     ]
    ]
   },
   "properties": {
    "osm_way_id": 450611753,
    "structure_type": "storage_tank",
    "name": "",
    "farm_id": "gulf_sunoco",
    "used_in_analysis": "Y",
    "contains_tanks": 1
   }
  },
  {
   "type": "Feature",
   "geometry": {
    "type": "Polygon",
    "coordinates": [
     [
      [
       -70.2381303,
       43.652184
      ],
      [
       -70.2380835,
       43.6522282
      ],
      [
       -70.2380188,
       43.6522584
      ],
      [
       -70.2379437,
       43.6522708
      ],
      [
       -70.2378673,
       43.6522642
      ],
      [
       -70.2377985,
       43.6522392
      ],
      [
       -70.2377495,
       43.652203
      ],
      [
       -70.2377184,
       43.6521577
      ],
      [
       -70.2377081,
       43.6521076
      ],
      [
       -70.2377197,
       43.6520577
      ],
      [
       -70.237752,
       43.6520128
      ],
      [
       -70.2378019,
       43.6519774
      ],
      [
       -70.2378645,
       43.6519548
      ],
      [
       -70.2379337,
       43.6519473
      ],
      [
       -70.2380027,
       43.6519556
      ],
      [
       -70.2380704,
       43.6519821
      ],
      [
       -70.2381218,
       43.6520236
      ],
      [
       -70.2381507,
       43.6520752
      ],
      [
       -70.2381536,
       43.6521309
      ],
      [
       -70.2381303,
       43.652184
      ]
     ]
    ]
   },
   "properties": {
    "osm_way_id": 450611754,
    "structure_type": "storage_tank",
    "name": "",
    "farm_id": "gulf_sunoco",
    "used_in_analysis": "Y",
    "contains_tanks": 1
   }
  },
  {
   "type": "Feature",
   "geometry": {
    "type": "Polygon",
    "coordinates": [
     [
      [
       -70.2748183,
       43.62707
      ],
      [
       -70.2723031,
       43.628572
      ],
      [
       -70.2720337,
       43.6283114
      ],
      [
       -70.2718741,
       43.6283951
      ],
      [
       -70.2717243,
       43.6284736
      ],
      [
       -70.2715482,
       43.6283114
      ],
      [
       -70.2712255,
       43.6284736
      ],
      [
       -70.2712041,
       43.6285469
      ],
      [
       -70.2715429,
       43.6290238
      ],
      [
       -70.2705213,
       43.629576
      ],
      [
       -70.2703053,
       43.6292922
      ],
      [
       -70.2701986,
       43.6293482
      ],
      [
       -70.2697249,
       43.6286959
      ],
      [
       -70.2692144,
       43.6279928
      ],
      [
       -70.269137,
       43.6279562
      ],
      [
       -70.2687769,
       43.6280894
      ],
      [
       -70.2687263,
       43.6280179
      ],
      [
       -70.2673926,
       43.6284774
      ],
      [
       -70.2669205,
       43.6278172
      ],
      [
       -70.2657709,
       43.6282479
      ],
      [
       -70.2653713,
       43.6285438
      ],
      [
       -70.2651492,
       43.6286287
      ],
      [
       -70.2643011,
       43.6289527
      ],
      [
       -70.2639218,
       43.6288588
      ],
      [
       -70.263867,
       43.628632
      ],
      [
       -70.2637506,
       43.6286085
      ],
      [
       -70.2638489,
       43.6276923
      ],
      [
       -70.2639071,
       43.6276732
      ],
      [
       -70.263335,
       43.6276505
      ],
      [
       -70.263535,
       43.62602
      ],
      [
       -70.2636908,
       43.6260242
      ],
      [
       -70.2638079,
       43.6249437
      ],
      [
       -70.2646026,
       43.6249382
      ],
      [
       -70.2661201,
       43.6250268
      ],
      [
       -70.266194,
       43.6250569
      ],
      [
       -70.2677987,
       43.6250788
      ],
      [
       -70.2678009,
       43.6250477
      ],
      [
       -70.2678782,
       43.6250461
      ],
      [
       -70.2678825,
       43.6250819
      ],
      [
       -70.2682651,
       43.6250554
      ],
      [
       -70.2697142,
       43.6243465
      ],
      [
       -70.2710654,
       43.6243549
      ],
      [
       -70.272265,
       43.6241265
      ],
      [
       -70.2724361,
       43.6243651
      ],
      [
       -70.272577,
       43.6244563
      ],
      [
       -70.2730652,
       43.6248117
      ],
      [
       -70.2735239,
       43.6251117
      ],
      [
       -70.2732144,
       43.6253313
      ],
      [
       -70.2734583,
       43.6258582
      ],
      [
       -70.2745846,
       43.6268618
      ],
      [
       -70.2748183,
       43.62707
      ]
     ]
    ]
   },
   "properties": {
    "osm_way_id": 451929160,
    "structure_type": "industrial_parcel",
    "name": "",
    "farm_id": "pplc",
    "used_in_analysis": "Y",
    "contains_tanks": 19
   }
  },
  {
   "type": "Feature",
   "geometry": {
    "type": "Polygon",
    "coordinates": [
     [
      [
       -70.2936614,
       43.637409
      ],
      [
       -70.293728,
       43.6375466
      ],
      [
       -70.2936601,
       43.637769
      ],
      [
       -70.2934498,
       43.6381174
      ],
      [
       -70.2924752,
       43.6375125
      ],
      [
       -70.2921442,
       43.6372788
      ],
      [
       -70.2917502,
       43.6369604
      ],
      [
       -70.2910169,
       43.6363881
      ],
      [
       -70.2911786,
       43.6363244
      ],
      [
       -70.2922209,
       43.6358873
      ],
      [
       -70.292373,
       43.6360686
      ],
      [
       -70.2924357,
       43.6360363
      ],
      [
       -70.2936614,
       43.637409
      ]
     ]
    ]
   },
   "properties": {
    "osm_way_id": 451986293,
    "structure_type": "industrial_parcel",
    "name": "",
    "farm_id": "sprague",
    "used_in_analysis": "Y",
    "contains_tanks": 2
   }
  },
  {
   "type": "Feature",
   "geometry": {
    "type": "Polygon",
    "coordinates": [
     [
      [
       -70.2928497,
       43.638599
      ],
      [
       -70.2923615,
       43.6380023
      ],
      [
       -70.2917343,
       43.6374595
      ],
      [
       -70.2904832,
       43.6364908
      ],
      [
       -70.289759,
       43.6360275
      ],
      [
       -70.2892269,
       43.6369265
      ],
      [
       -70.2898241,
       43.6376212
      ],
      [
       -70.2892455,
       43.6378756
      ],
      [
       -70.2888842,
       43.6374499
      ],
      [
       -70.2885901,
       43.6372918
      ],
      [
       -70.2876238,
       43.6371854
      ],
      [
       -70.2863226,
       43.6370546
      ],
      [
       -70.2859399,
       43.6369478
      ],
      [
       -70.2857945,
       43.6367488
      ],
      [
       -70.2854525,
       43.6361863
      ],
      [
       -70.2848752,
       43.6352928
      ],
      [
       -70.2847375,
       43.635055
      ],
      [
       -70.2818331,
       43.6358456
      ],
      [
       -70.2813609,
       43.6363412
      ],
      [
       -70.2820618,
       43.6367862
      ],
      [
       -70.28163,
       43.6376421
      ],
      [
       -70.2822314,
       43.6379598
      ],
      [
       -70.2820972,
       43.6381156
      ],
      [
       -70.2827351,
       43.6383694
      ],
      [
       -70.2831972,
       43.6386692
      ],
      [
       -70.2831835,
       43.6387587
      ],
      [
       -70.2829697,
       43.6389051
      ],
      [
       -70.2831878,
       43.639067
      ],
      [
       -70.2834579,
       43.638867
      ],
      [
       -70.2838527,
       43.6392211
      ],
      [
       -70.2843584,
       43.6400386
      ],
      [
       -70.2844859,
       43.6404455
      ],
      [
       -70.2853021,
       43.6414372
      ],
      [
       -70.2854507,
       43.6414461
      ],
      [
       -70.2856318,
       43.6416153
      ],
      [
       -70.285687,
       43.6418374
      ],
      [
       -70.2860145,
       43.6417995
      ],
      [
       -70.2881482,
       43.6412569
      ],
      [
       -70.2888239,
       43.6410827
      ],
      [
       -70.2899973,
       43.6406415
      ],
      [
       -70.2906673,
       43.6403479
      ],
      [
       -70.2911344,
       43.6401373
      ],
      [
       -70.2915882,
       43.6398649
      ],
      [
       -70.2919432,
       43.6396486
      ],
      [
       -70.2925011,
       43.6392468
      ],
      [
       -70.2928188,
       43.6389686
      ],
      [
       -70.2929656,
       43.6387638
      ],
      [
       -70.2928497,
       43.638599
      ]
     ]
    ]
   },
   "properties": {
    "osm_way_id": 451987174,
    "structure_type": "industrial_parcel",
    "name": "",
    "farm_id": "sprague",
    "used_in_analysis": "Y",
    "contains_tanks": 46
   }
  },
  {
   "type": "Feature",
   "geometry": {
    "type": "Polygon",
    "coordinates": [
     [
      [
       -70.2911124,
       43.6310226
      ],
      [
       -70.2904808,
       43.6307968
      ],
      [
       -70.2900572,
       43.6309863
      ],
      [
       -70.2895642,
       43.6315661
      ],
      [
       -70.2898415,
       43.6317139
      ],
      [
       -70.2892776,
       43.6322797
      ],
      [
       -70.2886391,
       43.6319473
      ],
      [
       -70.2884261,
       43.6321973
      ],
      [
       -70.288262,
       43.6321952
      ],
      [
       -70.2880644,
       43.6324157
      ],
      [
       -70.287731,
       43.6322736
      ],
      [
       -70.2874588,
       43.6326903
      ],
      [
       -70.2874037,
       43.6327797
      ],
      [
       -70.2873918,
       43.6328767
      ],
      [
       -70.2875287,
       43.6329607
      ],
      [
       -70.287272,
       43.6332867
      ],
      [
       -70.2872907,
       43.6333831
      ],
      [
       -70.2871069,
       43.6337282
      ],
      [
       -70.2872241,
       43.6339672
      ],
      [
       -70.287589,
       43.6344414
      ],
      [
       -70.2876502,
       43.6346072
      ],
      [
       -70.2867793,
       43.6356424
      ],
      [
       -70.2863874,
       43.6354705
      ],
      [
       -70.286491,
       43.6353299
      ],
      [
       -70.2860693,
       43.6351737
      ],
      [
       -70.2861571,
       43.6350372
      ],
      [
       -70.2856153,
       43.6348807
      ],
      [
       -70.2855123,
       43.6348425
      ],
      [
       -70.2855675,
       43.6347324
      ],
      [
       -70.2849826,
       43.6343663
      ],
      [
       -70.2846723,
       43.6346378
      ],
      [
       -70.2849047,
       43.6350571
      ],
      [
       -70.2847375,
       43.635055
      ],
      [
       -70.2848752,
       43.6352928
      ],
      [
       -70.2854525,
       43.6361863
      ],
      [
       -70.2857945,
       43.6367488
      ],
      [
       -70.2859399,
       43.6369478
      ],
      [
       -70.2863226,
       43.6370546
      ],
      [
       -70.2876238,
       43.6371854
      ],
      [
       -70.2885901,
       43.6372918
      ],
      [
       -70.2888842,
       43.6374499
      ],
      [
       -70.2892455,
       43.6378756
      ],
      [
       -70.2898241,
       43.6376212
      ],
      [
       -70.2892269,
       43.6369265
      ],
      [
       -70.289759,
       43.6360275
      ],
      [
       -70.2898902,
       43.6352722
      ],
      [
       -70.2898992,
       43.6351912
      ],
      [
       -70.289926,
       43.635107
      ],
      [
       -70.2899215,
       43.6350131
      ],
      [
       -70.2898723,
       43.6348804
      ],
      [
       -70.2898365,
       43.6347735
      ],
      [
       -70.2897515,
       43.6346797
      ],
      [
       -70.2896665,
       43.6345922
      ],
      [
       -70.2896084,
       43.6345113
      ],
      [
       -70.2896755,
       43.6344757
      ],
      [
       -70.2897605,
       43.6344822
      ],
      [
       -70.2898231,
       43.6345145
      ],
      [
       -70.2899305,
       43.6345372
      ],
      [
       -70.2900065,
       43.6345404
      ],
      [
       -70.29002,
       43.6344757
      ],
      [
       -70.29002,
       43.6343785
      ],
      [
       -70.2900065,
       43.6342846
      ],
      [
       -70.29002,
       43.6342264
      ],
      [
       -70.2900915,
       43.6341746
      ],
      [
       -70.2901318,
       43.6340807
      ],
      [
       -70.2901944,
       43.6339673
      ],
      [
       -70.2902168,
       43.6339188
      ],
      [
       -70.2901944,
       43.6338443
      ],
      [
       -70.2901721,
       43.6337731
      ],
      [
       -70.2891179,
       43.6333814
      ],
      [
       -70.2904571,
       43.6319791
      ],
      [
       -70.2913289,
       43.6311081
      ],
      [
       -70.2911124,
       43.6310226
      ]
     ]
    ]
   },
   "properties": {
    "osm_way_id": 451988987,
    "structure_type": "industrial_parcel",
    "name": "",
    "farm_id": "sprague",
    "used_in_analysis": "Y",
    "contains_tanks": 1
   }
  },
  {
   "type": "Feature",
   "geometry": {
    "type": "Polygon",
    "coordinates": [
     [
      [
       -70.2754033,
       43.6315185
      ],
      [
       -70.2754072,
       43.6315954
      ],
      [
       -70.275447,
       43.6316667
      ],
      [
       -70.2755181,
       43.6317239
      ],
      [
       -70.2756119,
       43.6317601
      ],
      [
       -70.2757171,
       43.631771
      ],
      [
       -70.2758211,
       43.6317553
      ],
      [
       -70.2759115,
       43.6317149
      ],
      [
       -70.2759712,
       43.6316625
      ],
      [
       -70.2760063,
       43.6315995
      ],
      [
       -70.2760134,
       43.6315317
      ],
      [
       -70.2759919,
       43.6314656
      ],
      [
       -70.2759438,
       43.6314073
      ],
      [
       -70.2758736,
       43.6313622
      ],
      [
       -70.2757879,
       43.6313345
      ],
      [
       -70.2756946,
       43.631327
      ],
      [
       -70.2755908,
       43.6313434
      ],
      [
       -70.275501,
       43.6313845
      ],
      [
       -70.2754359,
       43.6314453
      ],
      [
       -70.2754033,
       43.6315185
      ]
     ]
    ]
   },
   "properties": {
    "osm_way_id": 452064692,
    "structure_type": "storage_tank",
    "name": "",
    "farm_id": "global",
    "used_in_analysis": "Y",
    "contains_tanks": 1
   }
  },
  {
   "type": "Feature",
   "geometry": {
    "type": "Polygon",
    "coordinates": [
     [
      [
       -70.2746979,
       43.6318292
      ],
      [
       -70.2747115,
       43.631779
      ],
      [
       -70.2747015,
       43.6317284
      ],
      [
       -70.2746689,
       43.631683
      ],
      [
       -70.2746174,
       43.6316479
      ],
      [
       -70.2745528,
       43.6316271
      ],
      [
       -70.2744824,
       43.631623
      ],
      [
       -70.274414,
       43.6316359
      ],
      [
       -70.2743553,
       43.6316644
      ],
      [
       -70.2743142,
       43.6317037
      ],
      [
       -70.2742925,
       43.6317503
      ],
      [
       -70.2742925,
       43.6317996
      ],
      [
       -70.2743141,
       43.6318463
      ],
      [
       -70.2743552,
       43.6318855
      ],
      [
       -70.2744113,
       43.6319133
      ],
      [
       -70.2744768,
       43.6319267
      ],
      [
       -70.2745447,
       43.6319243
      ],
      [
       -70.2746081,
       43.6319064
      ],
      [
       -70.2746621,
       43.6318733
      ],
      [
       -70.2746979,
       43.6318292
      ]
     ]
    ]
   },
   "properties": {
    "osm_way_id": 452064693,
    "structure_type": "storage_tank",
    "name": "",
    "farm_id": "global",
    "used_in_analysis": "Y",
    "contains_tanks": 1
   }
  },
  {
   "type": "Feature",
   "geometry": {
    "type": "Polygon",
    "coordinates": [
     [
      [
       -70.2748302,
       43.6313054
      ],
      [
       -70.274847,
       43.6313551
      ],
      [
       -70.2748857,
       43.6313979
      ],
      [
       -70.2749419,
       43.6314289
      ],
      [
       -70.2750091,
       43.6314446
      ],
      [
       -70.2750797,
       43.6314433
      ],
      [
       -70.2751458,
       43.6314251
      ],
      [
       -70.2751996,
       43.631392
      ],
      [
       -70.275234,
       43.6313503
      ],
      [
       -70.2752483,
       43.6313029
      ],
      [
       -70.2752412,
       43.6312546
      ],
      [
       -70.2752134,
       43.6312104
      ],
      [
       -70.2751677,
       43.6311749
      ],
      [
       -70.2751088,
       43.6311516
      ],
      [
       -70.2750428,
       43.631143
      ],
      [
       -70.2749764,
       43.6311499
      ],
      [
       -70.2749164,
       43.6311717
      ],
      [
       -70.274867,
       43.6312082
      ],
      [
       -70.2748371,
       43.6312545
      ],
      [
       -70.2748302,
       43.6313054
      ]
     ]
    ]
   },
   "properties": {
    "osm_way_id": 452064694,
    "structure_type": "storage_tank",
    "name": "",
    "farm_id": "global",
    "used_in_analysis": "Y",
    "contains_tanks": 1
   }
  },
  {
   "type": "Feature",
   "geometry": {
    "type": "Polygon",
    "coordinates": [
     [
      [
       -70.2753868,
       43.6306963
      ],
      [
       -70.2753498,
       43.6307424
      ],
      [
       -70.2753362,
       43.6307947
      ],
      [
       -70.2753476,
       43.6308473
      ],
      [
       -70.2753826,
       43.6308942
      ],
      [
       -70.2754372,
       43.6309298
      ],
      [
       -70.2755052,
       43.6309502
      ],
      [
       -70.2755787,
       43.630953
      ],
      [
       -70.275645,
       43.6309393
      ],
      [
       -70.275702,
       43.6309112
      ],
      [
       -70.2757439,
       43.6308716
      ],
      [
       -70.2757666,
       43.6308245
      ],
      [
       -70.2757677,
       43.6307746
      ],
      [
       -70.2757471,
       43.630727
      ],
      [
       -70.2757068,
       43.6306865
      ],
      [
       -70.2756511,
       43.6306571
      ],
      [
       -70.2755854,
       43.6306419
      ],
      [
       -70.2755118,
       43.630643
      ],
      [
       -70.275443,
       43.6306619
      ],
      [
       -70.2753868,
       43.6306963
      ]
     ]
    ]
   },
   "properties": {
    "osm_way_id": 452064695,
    "structure_type": "storage_tank",
    "name": "",
    "farm_id": "pplc",
    "used_in_analysis": "Y",
    "contains_tanks": 1
   }
  },
  {
   "type": "Feature",
   "geometry": {
    "type": "Polygon",
    "coordinates": [
     [
      [
       -70.2760982,
       43.6296433
      ],
      [
       -70.2748731,
       43.6307471
      ],
      [
       -70.2735211,
       43.6319552
      ],
      [
       -70.2728252,
       43.6326141
      ],
      [
       -70.2728371,
       43.6326715
      ],
      [
       -70.2716746,
       43.633746
      ],
      [
       -70.2713766,
       43.6340713
      ],
      [
       -70.271581,
       43.6341467
      ],
      [
       -70.2724064,
       43.6344606
      ],
      [
       -70.273493,
       43.6348355
      ],
      [
       -70.2740602,
       43.6350445
      ],
      [
       -70.2744442,
       43.6353004
      ],
      [
       -70.2748193,
       43.6356218
      ],
      [
       -70.2750926,
       43.635936
      ],
      [
       -70.2753981,
       43.6362065
      ],
      [
       -70.2756094,
       43.6363736
      ],
      [
       -70.2758761,
       43.6363985
      ],
      [
       -70.2765505,
       43.6365599
      ],
      [
       -70.2766172,
       43.6365541
      ],
      [
       -70.2765879,
       43.636383
      ],
      [
       -70.2764735,
       43.6356307
      ],
      [
       -70.2762653,
       43.63463
      ],
      [
       -70.2761449,
       43.6339478
      ],
      [
       -70.2765743,
       43.6335993
      ],
      [
       -70.2768989,
       43.6331935
      ],
      [
       -70.2768784,
       43.6330157
      ],
      [
       -70.2768599,
       43.6329427
      ],
      [
       -70.2764915,
       43.6330429
      ],
      [
       -70.2763769,
       43.6326008
      ],
      [
       -70.2763272,
       43.6319919
      ],
      [
       -70.2762533,
       43.6315091
      ],
      [
       -70.2761292,
       43.6306984
      ],
      [
       -70.2761219,
       43.6306509
      ],
      [
       -70.2762651,
       43.6299667
      ],
      [
       -70.2760982,
       43.6296433
      ]
     ]
    ]
   },
   "properties": {
    "osm_way_id": 452153011,
    "structure_type": "industrial_parcel",
    "name": "",
    "farm_id": "global",
    "used_in_analysis": "Y",
    "contains_tanks": 11
   }
  },
  {
   "type": "Feature",
   "geometry": {
    "type": "Polygon",
    "coordinates": [
     [
      [
       -70.2679793,
       43.637305
      ],
      [
       -70.2678721,
       43.6374281
      ],
      [
       -70.2681708,
       43.6375445
      ],
      [
       -70.2689562,
       43.6378989
      ],
      [
       -70.2682697,
       43.6386424
      ],
      [
       -70.2682523,
       43.6387189
      ],
      [
       -70.2672561,
       43.6398011
      ],
      [
       -70.2652876,
       43.6406328
      ],
      [
       -70.265155,
       43.6405831
      ],
      [
       -70.2668295,
       43.638696
      ],
      [
       -70.2666464,
       43.6386133
      ],
      [
       -70.2665913,
       43.6385884
      ],
      [
       -70.2661291,
       43.6383795
      ],
      [
       -70.265502,
       43.6380569
      ],
      [
       -70.2654109,
       43.6347477
      ],
      [
       -70.2658554,
       43.6345834
      ],
      [
       -70.2664919,
       43.6343409
      ],
      [
       -70.2666297,
       43.6343709
      ],
      [
       -70.2667959,
       43.6343962
      ],
      [
       -70.2669786,
       43.6344058
      ],
      [
       -70.2671414,
       43.6343974
      ],
      [
       -70.2673059,
       43.634389
      ],
      [
       -70.2673956,
       43.6343734
      ],
      [
       -70.2676198,
       43.634686
      ],
      [
       -70.2677228,
       43.6346475
      ],
      [
       -70.26808,
       43.6351681
      ],
      [
       -70.2684172,
       43.6350406
      ],
      [
       -70.2687802,
       43.6355561
      ],
      [
       -70.268846,
       43.63553
      ],
      [
       -70.2692404,
       43.6360558
      ],
      [
       -70.2683985,
       43.6369685
      ],
      [
       -70.2679793,
       43.637305
      ]
     ]
    ]
   },
   "properties": {
    "osm_way_id": 452157731,
    "structure_type": "industrial_parcel",
    "name": "",
    "farm_id": "citgo",
    "used_in_analysis": "Y",
    "contains_tanks": 10
   }
  },
  {
   "type": "Feature",
   "geometry": {
    "type": "Polygon",
    "coordinates": [
     [
      [
       -70.292982,
       43.6377125
      ],
      [
       -70.2930549,
       43.6377528
      ],
      [
       -70.2931414,
       43.6377749
      ],
      [
       -70.2932331,
       43.6377764
      ],
      [
       -70.293321,
       43.6377574
      ],
      [
       -70.2933964,
       43.6377196
      ],
      [
       -70.2934519,
       43.6376667
      ],
      [
       -70.2934836,
       43.6375977
      ],
      [
       -70.2934811,
       43.6375249
      ],
      [
       -70.2934448,
       43.6374571
      ],
      [
       -70.2933789,
       43.6374022
      ],
      [
       -70.2932912,
       43.6373666
      ],
      [
       -70.293192,
       43.6373546
      ],
      [
       -70.2930931,
       43.6373676
      ],
      [
       -70.2930061,
       43.637404
      ],
      [
       -70.2929412,
       43.6374596
      ],
      [
       -70.2929062,
       43.6375278
      ],
      [
       -70.2929038,
       43.6375942
      ],
      [
       -70.29293,
       43.6376579
      ],
      [
       -70.292982,
       43.6377125
      ]
     ]
    ]
   },
   "properties": {
    "osm_way_id": 452350995,
    "structure_type": "storage_tank",
    "name": "",
    "farm_id": "sprague",
    "used_in_analysis": "Y",
    "contains_tanks": 1
   }
  },
  {
   "type": "Feature",
   "geometry": {
    "type": "Polygon",
    "coordinates": [
     [
      [
       -70.2922741,
       43.6370514
      ],
      [
       -70.2923315,
       43.6370921
      ],
      [
       -70.2924044,
       43.6371162
      ],
      [
       -70.2924844,
       43.637121
      ],
      [
       -70.2925619,
       43.6371059
      ],
      [
       -70.2926277,
       43.6370726
      ],
      [
       -70.2926739,
       43.6370252
      ],
      [
       -70.2926944,
       43.6369741
      ],
      [
       -70.2926919,
       43.636921
      ],
      [
       -70.2926667,
       43.6368711
      ],
      [
       -70.2926213,
       43.6368293
      ],
      [
       -70.2925602,
       43.6367999
      ],
      [
       -70.2924894,
       43.6367857
      ],
      [
       -70.2924161,
       43.6367881
      ],
      [
       -70.2923474,
       43.636807
      ],
      [
       -70.2922903,
       43.6368404
      ],
      [
       -70.2922504,
       43.636885
      ],
      [
       -70.292231,
       43.6369413
      ],
      [
       -70.2922393,
       43.6369991
      ],
      [
       -70.2922741,
       43.6370514
      ]
     ]
    ]
   },
   "properties": {
    "osm_way_id": 452350996,
    "structure_type": "storage_tank",
    "name": "",
    "farm_id": "sprague",
    "used_in_analysis": "Y",
    "contains_tanks": 1
   }
  },
  {
   "type": "Feature",
   "geometry": {
    "type": "Polygon",
    "coordinates": [
     [
      [
       -70.2897056,
       43.6373588
      ],
      [
       -70.2897464,
       43.6374068
      ],
      [
       -70.2898066,
       43.6374425
      ],
      [
       -70.2898797,
       43.6374619
      ],
      [
       -70.2899575,
       43.6374629
      ],
      [
       -70.2900315,
       43.6374455
      ],
      [
       -70.2900935,
       43.6374114
      ],
      [
       -70.2901362,
       43.6373654
      ],
      [
       -70.2901561,
       43.6373119
      ],
      [
       -70.2901511,
       43.6372566
      ],
      [
       -70.2901218,
       43.6372055
      ],
      [
       -70.2900712,
       43.6371638
      ],
      [
       -70.2900048,
       43.6371362
      ],
      [
       -70.2899297,
       43.6371256
      ],
      [
       -70.2898538,
       43.637133
      ],
      [
       -70.2897853,
       43.6371578
      ],
      [
       -70.2897315,
       43.6371972
      ],
      [
       -70.2896977,
       43.6372479
      ],
      [
       -70.2896888,
       43.6373039
      ],
      [
       -70.2897056,
       43.6373588
      ]
     ]
    ]
   },
   "properties": {
    "osm_way_id": 452350997,
    "structure_type": "storage_tank",
    "name": "",
    "farm_id": "sprague",
    "used_in_analysis": "Y",
    "contains_tanks": 1
   }
  },
  {
   "type": "Feature",
   "geometry": {
    "type": "Polygon",
    "coordinates": [
     [
      [
       -70.2907999,
       43.6376829
      ],
      [
       -70.2908624,
       43.6377262
      ],
      [
       -70.2909416,
       43.6377513
      ],
      [
       -70.2910279,
       43.6377554
      ],
      [
       -70.291111,
       43.6377379
      ],
      [
       -70.2911808,
       43.6377009
      ],
      [
       -70.2912289,
       43.6376489
      ],
      [
       -70.2912488,
       43.6375943
      ],
      [
       -70.2912444,
       43.6375379
      ],
      [
       -70.2912162,
       43.6374852
      ],
      [
       -70.2911668,
       43.6374415
      ],
      [
       -70.2911011,
       43.6374109
      ],
      [
       -70.2910256,
       43.6373966
      ],
      [
       -70.2909477,
       43.6373998
      ],
      [
       -70.290875,
       43.6374204
      ],
      [
       -70.2908146,
       43.6374562
      ],
      [
       -70.2907725,
       43.6375037
      ],
      [
       -70.290752,
       43.6375645
      ],
      [
       -70.2907616,
       43.6376268
      ],
      [
       -70.2907999,
       43.6376829
      ]
     ]
    ]
   },
   "properties": {
    "osm_way_id": 452350998,
    "structure_type": "storage_tank",
    "name": "",
    "farm_id": "sprague",
    "used_in_analysis": "Y",
    "contains_tanks": 1
   }
  },
  {
   "type": "Feature",
   "geometry": {
    "type": "Polygon",
    "coordinates": [
     [
      [
       -70.2864256,
       43.640949
      ],
      [
       -70.2864801,
       43.6409699
      ],
      [
       -70.2865409,
       43.6409776
      ],
      [
       -70.2866019,
       43.6409713
      ],
      [
       -70.2866573,
       43.6409516
      ],
      [
       -70.2867015,
       43.6409205
      ],
      [
       -70.2867303,
       43.640881
      ],
      [
       -70.2867407,
       43.6408327
      ],
      [
       -70.2867279,
       43.6407846
      ],
      [
       -70.2866934,
       43.6407426
      ],
      [
       -70.2866413,
       43.6407114
      ],
      [
       -70.2865777,
       43.6406948
      ],
      [
       -70.2865101,
       43.6406948
      ],
      [
       -70.2864465,
       43.6407114
      ],
      [
       -70.2863943,
       43.6407425
      ],
      [
       -70.2863599,
       43.6407846
      ],
      [
       -70.2863471,
       43.6408327
      ],
      [
       -70.2863557,
       43.6408769
      ],
      [
       -70.2863827,
       43.640917
      ],
      [
       -70.2864256,
       43.640949
      ]
     ]
    ]
   },
   "properties": {
    "osm_way_id": 452350999,
    "structure_type": "storage_tank",
    "name": "",
    "farm_id": "sprague",
    "used_in_analysis": "Y",
    "contains_tanks": 1
   }
  },
  {
   "type": "Feature",
   "geometry": {
    "type": "Polygon",
    "coordinates": [
     [
      [
       -70.2886273,
       43.6404466
      ],
      [
       -70.2886471,
       43.6404837
      ],
      [
       -70.2886826,
       43.6405139
      ],
      [
       -70.2887299,
       43.6405341
      ],
      [
       -70.2887838,
       43.6405418
      ],
      [
       -70.2888381,
       43.6405362
      ],
      [
       -70.2888857,
       43.6405186
      ],
      [
       -70.288923,
       43.6404909
      ],
      [
       -70.288946,
       43.640456
      ],
      [
       -70.2889523,
       43.6404175
      ],
      [
       -70.2889412,
       43.6403797
      ],
      [
       -70.2889139,
       43.6403464
      ],
      [
       -70.2888733,
       43.6403213
      ],
      [
       -70.2888237,
       43.6403069
      ],
      [
       -70.2887703,
       43.6403048
      ],
      [
       -70.2887188,
       43.6403153
      ],
      [
       -70.2886747,
       43.6403371
      ],
      [
       -70.288642,
       43.640369
      ],
      [
       -70.2886256,
       43.6404069
      ],
      [
       -70.2886273,
       43.6404466
      ]
     ]
    ]
   },
   "properties": {
    "osm_way_id": 452351000,
    "structure_type": "storage_tank",
    "name": "",
    "farm_id": "sprague",
    "used_in_analysis": "Y",
    "contains_tanks": 1
   }
  },
  {
   "type": "Feature",
   "geometry": {
    "type": "Polygon",
    "coordinates": [
     [
      [
       -70.2880401,
       43.6405659
      ],
      [
       -70.2880721,
       43.6405962
      ],
      [
       -70.2881161,
       43.6406173
      ],
      [
       -70.2881671,
       43.6406268
      ],
      [
       -70.2882196,
       43.6406238
      ],
      [
       -70.288268,
       43.6406086
      ],
      [
       -70.2883068,
       43.6405828
      ],
      [
       -70.2883317,
       43.6405495
      ],
      [
       -70.2883405,
       43.6405121
      ],
      [
       -70.288332,
       43.6404748
      ],
      [
       -70.2883073,
       43.6404414
      ],
      [
       -70.288269,
       43.6404156
      ],
      [
       -70.2882213,
       43.6404001
      ],
      [
       -70.2881692,
       43.6403967
      ],
      [
       -70.2881183,
       43.6404057
      ],
      [
       -70.2880742,
       43.640426
      ],
      [
       -70.2880416,
       43.6404557
      ],
      [
       -70.2880239,
       43.6404916
      ],
      [
       -70.2880234,
       43.6405297
      ],
      [
       -70.2880401,
       43.6405659
      ]
     ]
    ]
   },
   "properties": {
    "osm_way_id": 452351001,
    "structure_type": "storage_tank",
    "name": "",
    "farm_id": "sprague",
    "used_in_analysis": "Y",
    "contains_tanks": 1
   }
  },
  {
   "type": "Feature",
   "geometry": {
    "type": "Polygon",
    "coordinates": [
     [
      [
       -70.2824693,
       43.637071
      ],
      [
       -70.2825415,
       43.6371009
      ],
      [
       -70.2826235,
       43.6371114
      ],
      [
       -70.2827055,
       43.6371012
      ],
      [
       -70.282778,
       43.6370716
      ],
      [
       -70.2828324,
       43.637026
      ],
      [
       -70.2828611,
       43.6369743
      ],
      [
       -70.2828659,
       43.6369186
      ],
      [
       -70.2828464,
       43.6368647
      ],
      [
       -70.2828046,
       43.6368179
      ],
      [
       -70.2827446,
       43.6367829
      ],
      [
       -70.2826725,
       43.6367633
      ],
      [
       -70.2825955,
       43.636761
      ],
      [
       -70.2825214,
       43.6367762
      ],
      [
       -70.2824576,
       43.6368075
      ],
      [
       -70.2824106,
       43.6368517
      ],
      [
       -70.282384,
       43.6369087
      ],
      [
       -70.2823856,
       43.636969
      ],
      [
       -70.2824152,
       43.6370253
      ],
      [
       -70.2824693,
       43.637071
      ]
     ]
    ]
   },
   "properties": {
    "osm_way_id": 452351002,
    "structure_type": "storage_tank",
    "name": "",
    "farm_id": "buckeye",
    "used_in_analysis": "Y",
    "contains_tanks": 1
   }
  },
  {
   "type": "Feature",
   "geometry": {
    "type": "Polygon",
    "coordinates": [
     [
      [
       -70.2843096,
       43.6357087
      ],
      [
       -70.28432,
       43.6357678
      ],
      [
       -70.2843567,
       43.6358213
      ],
      [
       -70.2844156,
       43.6358631
      ],
      [
       -70.2844901,
       43.6358885
      ],
      [
       -70.2845721,
       43.6358949
      ],
      [
       -70.2846524,
       43.6358814
      ],
      [
       -70.2847209,
       43.6358505
      ],
      [
       -70.284772,
       43.6358052
      ],
      [
       -70.2848003,
       43.6357505
      ],
      [
       -70.2848027,
       43.635692
      ],
      [
       -70.2847791,
       43.6356361
      ],
      [
       -70.2847318,
       43.6355887
      ],
      [
       -70.284666,
       43.6355548
      ],
      [
       -70.2845886,
       43.635538
      ],
      [
       -70.2845079,
       43.6355402
      ],
      [
       -70.2844324,
       43.635561
      ],
      [
       -70.2843691,
       43.6355992
      ],
      [
       -70.2843266,
       43.6356503
      ],
      [
       -70.2843096,
       43.6357087
      ]
     ]
    ]
   },
   "properties": {
    "osm_way_id": 452351003,
    "structure_type": "storage_tank",
    "name": "",
    "farm_id": "buckeye",
    "used_in_analysis": "Y",
    "contains_tanks": 1
   }
  },
  {
   "type": "Feature",
   "geometry": {
    "type": "Polygon",
    "coordinates": [
     [
      [
       -70.2833747,
       43.6357222
      ],
      [
       -70.2833122,
       43.6357114
      ],
      [
       -70.2832578,
       43.6356866
      ],
      [
       -70.2832174,
       43.6356504
      ],
      [
       -70.2831954,
       43.6356066
      ],
      [
       -70.2831941,
       43.6355601
      ],
      [
       -70.2832137,
       43.6355158
      ],
      [
       -70.2832524,
       43.6354781
      ],
      [
       -70.2833059,
       43.6354516
      ],
      [
       -70.2833685,
       43.6354392
      ],
      [
       -70.2834332,
       43.6354423
      ],
      [
       -70.2834931,
       43.6354604
      ],
      [
       -70.2835414,
       43.6354917
      ],
      [
       -70.2835731,
       43.6355327
      ],
      [
       -70.2835845,
       43.6355789
      ],
      [
       -70.2835746,
       43.6356253
      ],
      [
       -70.2835442,
       43.6356668
      ],
      [
       -70.2834974,
       43.6356986
      ],
      [
       -70.2834388,
       43.6357178
      ],
      [
       -70.2833747,
       43.6357222
      ]
     ]
    ]
   },
   "properties": {
    "osm_way_id": 452351004,
    "structure_type": "storage_tank",
    "name": "",
    "farm_id": "buckeye",
    "used_in_analysis": "Y",
    "contains_tanks": 1
   }
  },
  {
   "type": "Feature",
   "geometry": {
    "type": "Polygon",
    "coordinates": [
     [
      [
       -70.2753177,
       43.6354096
      ],
      [
       -70.2753541,
       43.6354578
      ],
      [
       -70.2754097,
       43.6354953
      ],
      [
       -70.2754789,
       43.6355181
      ],
      [
       -70.2755544,
       43.635524
      ],
      [
       -70.2756287,
       43.6355123
      ],
      [
       -70.275694,
       43.6354841
      ],
      [
       -70.2757458,
       43.63544
      ],
      [
       -70.2757744,
       43.6353859
      ],
      [
       -70.2757765,
       43.6353279
      ],
      [
       -70.2757518,
       43.6352728
      ],
      [
       -70.2757033,
       43.6352267
      ],
      [
       -70.2756363,
       43.635195
      ],
      [
       -70.2755586,
       43.6351811
      ],
      [
       -70.2754789,
       43.6351868
      ],
      [
       -70.2754064,
       43.6352113
      ],
      [
       -70.2753492,
       43.6352519
      ],
      [
       -70.2753151,
       43.635301
      ],
      [
       -70.2753042,
       43.6353554
      ],
      [
       -70.2753177,
       43.6354096
      ]
     ]
    ]
   },
   "properties": {
    "osm_way_id": 452351005,
    "structure_type": "storage_tank",
    "name": "",
    "farm_id": "global",
    "used_in_analysis": "Y",
    "contains_tanks": 1
   }
  },
  {
   "type": "Feature",
   "geometry": {
    "type": "Polygon",
    "coordinates": [
     [
      [
       -70.2754544,
       43.6358385
      ],
      [
       -70.2754993,
       43.6358815
      ],
      [
       -70.2755613,
       43.6359114
      ],
      [
       -70.2756334,
       43.6359249
      ],
      [
       -70.2757076,
       43.6359204
      ],
      [
       -70.2757756,
       43.6358985
      ],
      [
       -70.2758299,
       43.6358616
      ],
      [
       -70.2758636,
       43.6358154
      ],
      [
       -70.2758751,
       43.6357638
      ],
      [
       -70.2758633,
       43.6357122
      ],
      [
       -70.2758293,
       43.6356661
      ],
      [
       -70.2757768,
       43.6356303
      ],
      [
       -70.2757112,
       43.6356085
      ],
      [
       -70.2756394,
       43.635603
      ],
      [
       -70.2755689,
       43.6356144
      ],
      [
       -70.2755072,
       43.6356416
      ],
      [
       -70.2754595,
       43.6356829
      ],
      [
       -70.2754333,
       43.6357334
      ],
      [
       -70.2754316,
       43.6357873
      ],
      [
       -70.2754544,
       43.6358385
      ]
     ]
    ]
   },
   "properties": {
    "osm_way_id": 452351006,
    "structure_type": "storage_tank",
    "name": "",
    "farm_id": "global",
    "used_in_analysis": "Y",
    "contains_tanks": 1
   }
  },
  {
   "type": "Feature",
   "geometry": {
    "type": "Polygon",
    "coordinates": [
     [
      [
       -70.2671383,
       43.6362808
      ],
      [
       -70.2672112,
       43.6363116
      ],
      [
       -70.2672938,
       43.636324
      ],
      [
       -70.2673776,
       43.6363165
      ],
      [
       -70.2674537,
       43.63629
      ],
      [
       -70.267514,
       43.6362473
      ],
      [
       -70.2675522,
       43.6361928
      ],
      [
       -70.2675642,
       43.6361307
      ],
      [
       -70.2675473,
       43.6360692
      ],
      [
       -70.2675035,
       43.6360151
      ],
      [
       -70.2674376,
       43.6359745
      ],
      [
       -70.2673569,
       43.6359518
      ],
      [
       -70.2672703,
       43.6359495
      ],
      [
       -70.2671876,
       43.6359679
      ],
      [
       -70.2671178,
       43.636005
      ],
      [
       -70.2670687,
       43.6360567
      ],
      [
       -70.2670457,
       43.6361171
      ],
      [
       -70.267051,
       43.6361781
      ],
      [
       -70.267083,
       43.6362346
      ],
      [
       -70.2671383,
       43.6362808
      ]
     ]
    ]
   },
   "properties": {
    "osm_way_id": 452551869,
    "structure_type": "storage_tank",
    "name": "",
    "farm_id": "citgo",
    "used_in_analysis": "Y",
    "contains_tanks": 1
   }
  },
  {
   "type": "Feature",
   "geometry": {
    "type": "Polygon",
    "coordinates": [
     [
      [
       -70.2660005,
       43.6359477
      ],
      [
       -70.2660392,
       43.6360083
      ],
      [
       -70.2661035,
       43.6360562
      ],
      [
       -70.2661861,
       43.6360859
      ],
      [
       -70.2662777,
       43.6360941
      ],
      [
       -70.2663678,
       43.6360798
      ],
      [
       -70.2664463,
       43.6360447
      ],
      [
       -70.2665019,
       43.6359955
      ],
      [
       -70.2665332,
       43.6359362
      ],
      [
       -70.2665369,
       43.6358727
      ],
      [
       -70.2665127,
       43.6358117
      ],
      [
       -70.266463,
       43.6357593
      ],
      [
       -70.266393,
       43.635721
      ],
      [
       -70.2663098,
       43.6357007
      ],
      [
       -70.2662221,
       43.6357004
      ],
      [
       -70.2661387,
       43.6357203
      ],
      [
       -70.2660652,
       43.6357606
      ],
      [
       -70.2660143,
       43.6358164
      ],
      [
       -70.2659919,
       43.6358812
      ],
      [
       -70.2660005,
       43.6359477
      ]
     ]
    ]
   },
   "properties": {
    "osm_way_id": 452551870,
    "structure_type": "storage_tank",
    "name": "",
    "farm_id": "citgo",
    "used_in_analysis": "Y",
    "contains_tanks": 1
   }
  },
  {
   "type": "Feature",
   "geometry": {
    "type": "Polygon",
    "coordinates": [
     [
      [
       -70.2672718,
       43.6353673
      ],
      [
       -70.2672809,
       43.6354042
      ],
      [
       -70.2673061,
       43.635437
      ],
      [
       -70.2673446,
       43.635462
      ],
      [
       -70.2673923,
       43.6354766
      ],
      [
       -70.267444,
       43.6354792
      ],
      [
       -70.267494,
       43.6354695
      ],
      [
       -70.2675369,
       43.6354486
      ],
      [
       -70.2675681,
       43.6354187
      ],
      [
       -70.2675842,
       43.6353832
      ],
      [
       -70.2675834,
       43.6353458
      ],
      [
       -70.267566,
       43.6353107
      ],
      [
       -70.2675338,
       43.6352815
      ],
      [
       -70.2674903,
       43.6352615
      ],
      [
       -70.2674402,
       43.6352527
      ],
      [
       -70.2673888,
       43.6352562
      ],
      [
       -70.2673417,
       43.6352715
      ],
      [
       -70.267304,
       43.6352972
      ],
      [
       -70.2672798,
       43.6353303
      ],
      [
       -70.2672718,
       43.6353673
      ]
     ]
    ]
   },
   "properties": {
    "osm_way_id": 452551871,
    "structure_type": "storage_tank",
    "name": "",
    "farm_id": "citgo",
    "used_in_analysis": "Y",
    "contains_tanks": 1
   }
  },
  {
   "type": "Feature",
   "geometry": {
    "type": "Polygon",
    "coordinates": [
     [
      [
       -70.2670593,
       43.6350577
      ],
      [
       -70.2670537,
       43.6350934
      ],
      [
       -70.2670651,
       43.6351283
      ],
      [
       -70.2670921,
       43.6351583
      ],
      [
       -70.2671315,
       43.63518
      ],
      [
       -70.2671788,
       43.6351907
      ],
      [
       -70.2672283,
       43.6351893
      ],
      [
       -70.2672742,
       43.6351758
      ],
      [
       -70.2673111,
       43.6351518
      ],
      [
       -70.267333,
       43.6351236
      ],
      [
       -70.2673419,
       43.6350919
      ],
      [
       -70.267337,
       43.6350598
      ],
      [
       -70.2673187,
       43.6350303
      ],
      [
       -70.2672888,
       43.6350062
      ],
      [
       -70.2672502,
       43.6349899
      ],
      [
       -70.2672066,
       43.634983
      ],
      [
       -70.2671621,
       43.634986
      ],
      [
       -70.2671169,
       43.6350007
      ],
      [
       -70.2670812,
       43.6350256
      ],
      [
       -70.2670593,
       43.6350577
      ]
     ]
    ]
   },
   "properties": {
    "osm_way_id": 452551872,
    "structure_type": "storage_tank",
    "name": "",
    "farm_id": "citgo",
    "used_in_analysis": "Y",
    "contains_tanks": 1
   }
  },
  {
   "type": "Feature",
   "geometry": {
    "type": "Polygon",
    "coordinates": [
     [
      [
       -70.2371678,
       43.6526034
      ],
      [
       -70.2372364,
       43.6526337
      ],
      [
       -70.2373151,
       43.6526454
      ],
      [
       -70.2373946,
       43.6526373
      ],
      [
       -70.2374657,
       43.6526103
      ],
      [
       -70.2375201,
       43.6525675
      ],
      [
       -70.2375514,
       43.652514
      ],
      [
       -70.2375565,
       43.6524601
      ],
      [
       -70.237538,
       43.6524078
      ],
      [
       -70.2374978,
       43.6523623
      ],
      [
       -70.2374399,
       43.6523282
      ],
      [
       -70.2373701,
       43.6523091
      ],
      [
       -70.2372955,
       43.6523067
      ],
      [
       -70.2372237,
       43.6523213
      ],
      [
       -70.2371618,
       43.6523515
      ],
      [
       -70.2371162,
       43.6523943
      ],
      [
       -70.2370914,
       43.6524452
      ],
      [
       -70.2370908,
       43.6525033
      ],
      [
       -70.2371173,
       43.6525582
      ],
      [
       -70.2371678,
       43.6526034
      ]
     ]
    ]
   },
   "properties": {
    "osm_way_id": 456224740,
    "structure_type": "storage_tank",
    "name": "",
    "farm_id": "gulf_sunoco",
    "used_in_analysis": "Y",
    "contains_tanks": 1
   }
  },
  {
   "type": "Feature",
   "geometry": {
    "type": "Polygon",
    "coordinates": [
     [
      [
       -70.2367335,
       43.6521477
      ],
      [
       -70.2367693,
       43.6521808
      ],
      [
       -70.2368179,
       43.6522039
      ],
      [
       -70.2368742,
       43.6522145
      ],
      [
       -70.2369322,
       43.6522114
      ],
      [
       -70.2369858,
       43.6521951
      ],
      [
       -70.2370293,
       43.6521672
      ],
      [
       -70.2370581,
       43.6521306
      ],
      [
       -70.2370692,
       43.6520882
      ],
      [
       -70.2370604,
       43.6520455
      ],
      [
       -70.2370327,
       43.6520073
      ],
      [
       -70.2369891,
       43.6519778
      ],
      [
       -70.2369346,
       43.6519603
      ],
      [
       -70.2368752,
       43.6519568
      ],
      [
       -70.2368174,
       43.6519675
      ],
      [
       -70.2367678,
       43.6519915
      ],
      [
       -70.2367318,
       43.6520259
      ],
      [
       -70.2367137,
       43.6520659
      ],
      [
       -70.2367143,
       43.652108
      ],
      [
       -70.2367335,
       43.6521477
      ]
     ]
    ]
   },
   "properties": {
    "osm_way_id": 456224742,
    "structure_type": "storage_tank",
    "name": "",
    "farm_id": "gulf_sunoco",
    "used_in_analysis": "Y",
    "contains_tanks": 1
   }
  },
  {
   "type": "Feature",
   "geometry": {
    "type": "Polygon",
    "coordinates": [
     [
      [
       -70.2373836,
       43.6518663
      ],
      [
       -70.2374566,
       43.651894
      ],
      [
       -70.2375383,
       43.651902
      ],
      [
       -70.2376189,
       43.6518894
      ],
      [
       -70.2376888,
       43.6518577
      ],
      [
       -70.2377396,
       43.6518107
      ],
      [
       -70.2377653,
       43.651754
      ],
      [
       -70.2377642,
       43.6516997
      ],
      [
       -70.2377398,
       43.6516483
      ],
      [
       -70.2376946,
       43.651605
      ],
      [
       -70.237633,
       43.6515739
      ],
      [
       -70.2375611,
       43.6515583
      ],
      [
       -70.2374861,
       43.6515595
      ],
      [
       -70.2374153,
       43.6515776
      ],
      [
       -70.2373557,
       43.6516107
      ],
      [
       -70.2373133,
       43.6516555
      ],
      [
       -70.2372923,
       43.6517076
      ],
      [
       -70.2372962,
       43.6517672
      ],
      [
       -70.2373279,
       43.6518223
      ],
      [
       -70.2373836,
       43.6518663
      ]
     ]
    ]
   },
   "properties": {
    "osm_way_id": 456224744,
    "structure_type": "storage_tank",
    "name": "",
    "farm_id": "gulf_sunoco",
    "used_in_analysis": "Y",
    "contains_tanks": 1
   }
  },
  {
   "type": "Feature",
   "geometry": {
    "type": "Polygon",
    "coordinates": [
     [
      [
       -70.2396051,
       43.6523078
      ],
      [
       -70.2396875,
       43.6523366
      ],
      [
       -70.2397783,
       43.6523452
      ],
      [
       -70.2398682,
       43.6523328
      ],
      [
       -70.2399481,
       43.6523005
      ],
      [
       -70.24001,
       43.6522516
      ],
      [
       -70.2400475,
       43.6521912
      ],
      [
       -70.2400564,
       43.652121
      ],
      [
       -70.2400324,
       43.6520527
      ],
      [
       -70.2399783,
       43.6519941
      ],
      [
       -70.2399002,
       43.651952
      ],
      [
       -70.2398072,
       43.6519311
      ],
      [
       -70.2397098,
       43.6519339
      ],
      [
       -70.2396194,
       43.6519601
      ],
      [
       -70.2395462,
       43.6520066
      ],
      [
       -70.2394987,
       43.6520681
      ],
      [
       -70.2394823,
       43.6521376
      ],
      [
       -70.239497,
       43.6522029
      ],
      [
       -70.2395393,
       43.6522617
      ],
      [
       -70.2396051,
       43.6523078
      ]
     ]
    ]
   },
   "properties": {
    "osm_way_id": 456224747,
    "structure_type": "storage_tank",
    "name": "",
    "farm_id": "gulf_sunoco",
    "used_in_analysis": "Y",
    "contains_tanks": 1
   }
  },
  {
   "type": "Feature",
   "geometry": {
    "type": "Polygon",
    "coordinates": [
     [
      [
       -70.2391807,
       43.6514127
      ],
      [
       -70.2392375,
       43.6514492
      ],
      [
       -70.239308,
       43.6514695
      ],
      [
       -70.239384,
       43.6514712
      ],
      [
       -70.2394562,
       43.6514542
      ],
      [
       -70.239516,
       43.6514204
      ],
      [
       -70.2395564,
       43.6513738
      ],
      [
       -70.239572,
       43.6513257
      ],
      [
       -70.2395665,
       43.6512764
      ],
      [
       -70.2395403,
       43.6512307
      ],
      [
       -70.2394959,
       43.6511931
      ],
      [
       -70.2394377,
       43.6511671
      ],
      [
       -70.2393713,
       43.6511553
      ],
      [
       -70.2393032,
       43.6511589
      ],
      [
       -70.2392398,
       43.6511774
      ],
      [
       -70.2391874,
       43.6512091
      ],
      [
       -70.239148,
       43.6512562
      ],
      [
       -70.2391331,
       43.65131
      ],
      [
       -70.2391445,
       43.6513644
      ],
      [
       -70.2391807,
       43.6514127
      ]
     ]
    ]
   },
   "properties": {
    "osm_way_id": 456224749,
    "structure_type": "storage_tank",
    "name": "",
    "farm_id": "gulf_sunoco",
    "used_in_analysis": "Y",
    "contains_tanks": 1
   }
  },
  {
   "type": "Feature",
   "geometry": {
    "type": "Polygon",
    "coordinates": [
     [
      [
       -70.2410108,
       43.6505999
      ],
      [
       -70.2410955,
       43.6506165
      ],
      [
       -70.2411832,
       43.6506132
      ],
      [
       -70.241265,
       43.6505903
      ],
      [
       -70.241333,
       43.65055
      ],
      [
       -70.2413802,
       43.6504965
      ],
      [
       -70.241402,
       43.650435
      ],
      [
       -70.2413943,
       43.6503659
      ],
      [
       -70.2413547,
       43.6503029
      ],
      [
       -70.2412878,
       43.6502533
      ],
      [
       -70.2412017,
       43.650223
      ],
      [
       -70.2411065,
       43.6502156
      ],
      [
       -70.2410135,
       43.6502321
      ],
      [
       -70.2409338,
       43.6502704
      ],
      [
       -70.2408766,
       43.650326
      ],
      [
       -70.240849,
       43.6503923
      ],
      [
       -70.2408523,
       43.6504557
      ],
      [
       -70.2408828,
       43.6505153
      ],
      [
       -70.2409375,
       43.650565
      ],
      [
       -70.2410108,
       43.6505999
      ]
     ]
    ]
   },
   "properties": {
    "osm_way_id": 456224752,
    "structure_type": "storage_tank",
    "name": "",
    "farm_id": "gulf_sunoco",
    "used_in_analysis": "Y",
    "contains_tanks": 1
   }
  },
  {
   "type": "Feature",
   "geometry": {
    "type": "Polygon",
    "coordinates": [
     [
      [
       -70.2403652,
       43.6510647
      ],
      [
       -70.2404522,
       43.6510957
      ],
      [
       -70.2405487,
       43.6511037
      ],
      [
       -70.2406432,
       43.6510877
      ],
      [
       -70.2407247,
       43.6510496
      ],
      [
       -70.2407837,
       43.6509938
      ],
      [
       -70.2408131,
       43.6509269
      ],
      [
       -70.2408111,
       43.6508618
      ],
      [
       -70.240781,
       43.6508005
      ],
      [
       -70.2407258,
       43.6507491
      ],
      [
       -70.2406512,
       43.6507128
      ],
      [
       -70.2405646,
       43.6506952
      ],
      [
       -70.2404748,
       43.6506982
      ],
      [
       -70.2403908,
       43.6507213
      ],
      [
       -70.240321,
       43.6507623
      ],
      [
       -70.2402724,
       43.6508171
      ],
      [
       -70.2402501,
       43.6508801
      ],
      [
       -70.2402578,
       43.6509501
      ],
      [
       -70.2402977,
       43.6510141
      ],
      [
       -70.2403652,
       43.6510647
      ]
     ]
    ]
   },
   "properties": {
    "osm_way_id": 456224754,
    "structure_type": "storage_tank",
    "name": "",
    "farm_id": "gulf_sunoco",
    "used_in_analysis": "Y",
    "contains_tanks": 1
   }
  },
  {
   "type": "Feature",
   "geometry": {
    "type": "Polygon",
    "coordinates": [
     [
      [
       -70.2862741,
       43.6405648
      ],
      [
       -70.2863073,
       43.6405754
      ],
      [
       -70.2863433,
       43.640578
      ],
      [
       -70.2863788,
       43.6405726
      ],
      [
       -70.2864102,
       43.6405595
      ],
      [
       -70.2864345,
       43.64054
      ],
      [
       -70.2864494,
       43.6405162
      ],
      [
       -70.2864532,
       43.6404871
      ],
      [
       -70.2864432,
       43.6404589
      ],
      [
       -70.2864204,
       43.6404348
      ],
      [
       -70.2863877,
       43.6404178
      ],
      [
       -70.2863489,
       43.6404098
      ],
      [
       -70.2863087,
       43.6404119
      ],
      [
       -70.2862719,
       43.6404238
      ],
      [
       -70.2862428,
       43.640444
      ],
      [
       -70.2862251,
       43.6404702
      ],
      [
       -70.2862207,
       43.6404992
      ],
      [
       -70.2862286,
       43.6405248
      ],
      [
       -70.286247,
       43.6405474
      ],
      [
       -70.2862741,
       43.6405648
      ]
     ]
    ]
   },
   "properties": {
    "osm_way_id": 456477905,
    "structure_type": "storage_tank",
    "name": "",
    "farm_id": "sprague",
    "used_in_analysis": "Y",
    "contains_tanks": 1
   }
  },
  {
   "type": "Feature",
   "geometry": {
    "type": "Polygon",
    "coordinates": [
     [
      [
       -70.2859284,
       43.6405667
      ],
      [
       -70.2859421,
       43.6405978
      ],
      [
       -70.285969,
       43.640624
      ],
      [
       -70.2860061,
       43.6406425
      ],
      [
       -70.2860494,
       43.6406513
      ],
      [
       -70.2860944,
       43.6406495
      ],
      [
       -70.2861362,
       43.6406373
      ],
      [
       -70.2861703,
       43.640616
      ],
      [
       -70.286193,
       43.6405878
      ],
      [
       -70.2862019,
       43.6405554
      ],
      [
       -70.2861957,
       43.6405227
      ],
      [
       -70.2861751,
       43.6404933
      ],
      [
       -70.2861423,
       43.6404704
      ],
      [
       -70.2861009,
       43.6404565
      ],
      [
       -70.2860555,
       43.6404531
      ],
      [
       -70.2860111,
       43.6404607
      ],
      [
       -70.285973,
       43.6404781
      ],
      [
       -70.2859448,
       43.6405035
      ],
      [
       -70.2859293,
       43.6405341
      ],
      [
       -70.2859284,
       43.6405667
      ]
     ]
    ]
   },
   "properties": {
    "osm_way_id": 456477907,
    "structure_type": "storage_tank",
    "name": "",
    "farm_id": "sprague",
    "used_in_analysis": "Y",
    "contains_tanks": 1
   }
  },
  {
   "type": "Feature",
   "geometry": {
    "type": "Polygon",
    "coordinates": [
     [
      [
       -70.2857061,
       43.6406874
      ],
      [
       -70.2857321,
       43.6407088
      ],
      [
       -70.2857664,
       43.6407228
      ],
      [
       -70.2858052,
       43.6407279
      ],
      [
       -70.2858441,
       43.6407233
      ],
      [
       -70.2858787,
       43.6407098
      ],
      [
       -70.2859053,
       43.6406887
      ],
      [
       -70.2859207,
       43.6406624
      ],
      [
       -70.2859234,
       43.6406351
      ],
      [
       -70.2859139,
       43.6406085
      ],
      [
       -70.2858932,
       43.6405854
      ],
      [
       -70.2858635,
       43.6405684
      ],
      [
       -70.2858277,
       43.6405591
      ],
      [
       -70.2857898,
       43.6405585
      ],
      [
       -70.2857536,
       43.6405667
      ],
      [
       -70.2857228,
       43.6405827
      ],
      [
       -70.2857008,
       43.6406051
      ],
      [
       -70.2856895,
       43.6406324
      ],
      [
       -70.2856913,
       43.6406609
      ],
      [
       -70.2857061,
       43.6406874
      ]
     ]
    ]
   },
   "properties": {
    "osm_way_id": 456477909,
    "structure_type": "storage_tank",
    "name": "",
    "farm_id": "sprague",
    "used_in_analysis": "Y",
    "contains_tanks": 1
   }
  },
  {
   "type": "Feature",
   "geometry": {
    "type": "Polygon",
    "coordinates": [
     [
      [
       -70.2891243,
       43.640437
      ],
      [
       -70.2891708,
       43.6404815
      ],
      [
       -70.2892347,
       43.6405128
      ],
      [
       -70.289309,
       43.6405275
      ],
      [
       -70.289386,
       43.6405242
      ],
      [
       -70.2894574,
       43.6405031
      ],
      [
       -70.2895156,
       43.6404665
      ],
      [
       -70.2895544,
       43.6404182
      ],
      [
       -70.2895698,
       43.6403625
      ],
      [
       -70.289559,
       43.6403061
      ],
      [
       -70.2895233,
       43.6402555
      ],
      [
       -70.2894667,
       43.640216
      ],
      [
       -70.2893953,
       43.6401923
      ],
      [
       -70.2893171,
       43.6401867
      ],
      [
       -70.2892407,
       43.6402001
      ],
      [
       -70.2891745,
       43.6402308
      ],
      [
       -70.289126,
       43.6402755
      ],
      [
       -70.2891006,
       43.6403282
      ],
      [
       -70.2891,
       43.640384
      ],
      [
       -70.2891243,
       43.640437
      ]
     ]
    ]
   },
   "properties": {
    "osm_way_id": 456477911,
    "structure_type": "storage_tank",
    "name": "",
    "farm_id": "sprague",
    "used_in_analysis": "Y",
    "contains_tanks": 1
   }
  },
  {
   "type": "Feature",
   "geometry": {
    "type": "Polygon",
    "coordinates": [
     [
      [
       -70.2749557,
       43.6352041
      ],
      [
       -70.2750213,
       43.6352323
      ],
      [
       -70.2750961,
       43.6352428
      ],
      [
       -70.2751715,
       43.6352342
      ],
      [
       -70.2752384,
       43.6352076
      ],
      [
       -70.2752888,
       43.6351663
      ],
      [
       -70.2753155,
       43.6351195
      ],
      [
       -70.2753207,
       43.6350691
      ],
      [
       -70.2753039,
       43.6350199
      ],
      [
       -70.2752669,
       43.6349771
      ],
      [
       -70.2752132,
       43.6349447
      ],
      [
       -70.2751482,
       43.634926
      ],
      [
       -70.2750784,
       43.6349229
      ],
      [
       -70.2750108,
       43.6349357
      ],
      [
       -70.2749521,
       43.6349631
      ],
      [
       -70.2749081,
       43.6350024
      ],
      [
       -70.2748819,
       43.6350543
      ],
      [
       -70.2748816,
       43.6351095
      ],
      [
       -70.2749072,
       43.6351615
      ],
      [
       -70.2749557,
       43.6352041
      ]
     ]
    ]
   },
   "properties": {
    "osm_way_id": 457788718,
    "structure_type": "storage_tank",
    "name": "",
    "farm_id": "global",
    "used_in_analysis": "Y",
    "contains_tanks": 1
   }
  },
  {
   "type": "Feature",
   "geometry": {
    "type": "Polygon",
    "coordinates": [
     [
      [
       -70.2757469,
       43.635127
      ],
      [
       -70.2758041,
       43.6351576
      ],
      [
       -70.2758718,
       43.6351733
      ],
      [
       -70.275943,
       43.6351726
      ],
      [
       -70.2760101,
       43.6351555
      ],
      [
       -70.2760662,
       43.6351238
      ],
      [
       -70.2761064,
       43.635079
      ],
      [
       -70.2761239,
       43.6350271
      ],
      [
       -70.2761167,
       43.634974
      ],
      [
       -70.2760856,
       43.6349255
      ],
      [
       -70.2760341,
       43.6348872
      ],
      [
       -70.275968,
       43.6348634
      ],
      [
       -70.2758947,
       43.6348568
      ],
      [
       -70.2758226,
       43.6348681
      ],
      [
       -70.2757596,
       43.634896
      ],
      [
       -70.2757144,
       43.6349358
      ],
      [
       -70.275689,
       43.6349839
      ],
      [
       -70.2756861,
       43.6350353
      ],
      [
       -70.2757061,
       43.6350847
      ],
      [
       -70.2757469,
       43.635127
      ]
     ]
    ]
   },
   "properties": {
    "osm_way_id": 457788721,
    "structure_type": "storage_tank",
    "name": "",
    "farm_id": "global",
    "used_in_analysis": "Y",
    "contains_tanks": 1
   }
  },
  {
   "type": "Feature",
   "geometry": {
    "type": "Polygon",
    "coordinates": [
     [
      [
       -70.2760485,
       43.6362759
      ],
      [
       -70.2760935,
       43.6363103
      ],
      [
       -70.276152,
       43.6363317
      ],
      [
       -70.276217,
       43.6363374
      ],
      [
       -70.2762809,
       43.6363268
      ],
      [
       -70.2763359,
       43.6363011
      ],
      [
       -70.2763757,
       43.6362634
      ],
      [
       -70.2763944,
       43.6362227
      ],
      [
       -70.276395,
       43.6361799
      ],
      [
       -70.2763772,
       43.6361389
      ],
      [
       -70.2763429,
       43.636104
      ],
      [
       -70.2762954,
       43.6360783
      ],
      [
       -70.2762393,
       43.6360646
      ],
      [
       -70.27618,
       43.636064
      ],
      [
       -70.2761234,
       43.6360766
      ],
      [
       -70.2760749,
       43.6361013
      ],
      [
       -70.2760364,
       43.6361396
      ],
      [
       -70.2760182,
       43.6361851
      ],
      [
       -70.2760224,
       43.6362324
      ],
      [
       -70.2760485,
       43.6362759
      ]
     ]
    ]
   },
   "properties": {
    "osm_way_id": 457788723,
    "structure_type": "storage_tank",
    "name": "",
    "farm_id": "global",
    "used_in_analysis": "Y",
    "contains_tanks": 1
   }
  },
  {
   "type": "Feature",
   "geometry": {
    "type": "Polygon",
    "coordinates": [
     [
      [
       -70.2758341,
       43.6345231
      ],
      [
       -70.275845,
       43.6345419
      ],
      [
       -70.2758637,
       43.6345573
      ],
      [
       -70.2758881,
       43.6345676
      ],
      [
       -70.2759158,
       43.6345717
      ],
      [
       -70.2759438,
       43.6345693
      ],
      [
       -70.2759694,
       43.6345605
      ],
      [
       -70.2759897,
       43.6345463
      ],
      [
       -70.2760032,
       43.6345272
      ],
      [
       -70.2760071,
       43.634506
      ],
      [
       -70.2760011,
       43.634485
      ],
      [
       -70.2759858,
       43.6344667
      ],
      [
       -70.275963,
       43.6344531
      ],
      [
       -70.2759352,
       43.6344458
      ],
      [
       -70.2759056,
       43.6344456
      ],
      [
       -70.2758776,
       43.6344524
      ],
      [
       -70.2758544,
       43.6344656
      ],
      [
       -70.275839,
       43.6344828
      ],
      [
       -70.275832,
       43.6345026
      ],
      [
       -70.2758341,
       43.6345231
      ]
     ]
    ]
   },
   "properties": {
    "osm_way_id": 457788725,
    "structure_type": "storage_tank",
    "name": "",
    "farm_id": "global",
    "used_in_analysis": "Y",
    "contains_tanks": 1
   }
  },
  {
   "type": "Feature",
   "geometry": {
    "type": "Polygon",
    "coordinates": [
     [
      [
       -70.2722848,
       43.6333027
      ],
      [
       -70.2723089,
       43.6333391
      ],
      [
       -70.2723487,
       43.6333674
      ],
      [
       -70.2723994,
       43.6333842
      ],
      [
       -70.272455,
       43.6333875
      ],
      [
       -70.2725089,
       43.6333769
      ],
      [
       -70.2725545,
       43.6333536
      ],
      [
       -70.2725842,
       43.6333239
      ],
      [
       -70.2725996,
       43.633289
      ],
      [
       -70.2725994,
       43.6332523
      ],
      [
       -70.2725834,
       43.6332175
      ],
      [
       -70.2725532,
       43.633188
      ],
      [
       -70.2725119,
       43.6331667
      ],
      [
       -70.2724636,
       43.6331557
      ],
      [
       -70.2724129,
       43.6331562
      ],
      [
       -70.2723649,
       43.633168
      ],
      [
       -70.2723243,
       43.63319
      ],
      [
       -70.272293,
       43.6332234
      ],
      [
       -70.2722793,
       43.6332625
      ],
      [
       -70.2722848,
       43.6333027
      ]
     ]
    ]
   },
   "properties": {
    "osm_way_id": 457788728,
    "structure_type": "storage_tank",
    "name": "",
    "farm_id": "global",
    "used_in_analysis": "Y",
    "contains_tanks": 1
   }
  },
  {
   "type": "Feature",
   "geometry": {
    "type": "Polygon",
    "coordinates": [
     [
      [
       -70.2676892,
       43.6357838
      ],
      [
       -70.2676842,
       43.6358496
      ],
      [
       -70.2677105,
       43.6359126
      ],
      [
       -70.267765,
       43.6359653
      ],
      [
       -70.267841,
       43.6360014
      ],
      [
       -70.2679295,
       43.6360166
      ],
      [
       -70.2680199,
       43.636009
      ],
      [
       -70.2681012,
       43.6359795
      ],
      [
       -70.2681638,
       43.6359317
      ],
      [
       -70.2681973,
       43.635879
      ],
      [
       -70.2682073,
       43.6358214
      ],
      [
       -70.2681928,
       43.6357644
      ],
      [
       -70.2681551,
       43.6357131
      ],
      [
       -70.2680979,
       43.6356725
      ],
      [
       -70.2680264,
       43.6356463
      ],
      [
       -70.2679472,
       43.6356369
      ],
      [
       -70.2678679,
       43.6356452
      ],
      [
       -70.2677869,
       43.6356751
      ],
      [
       -70.2677248,
       43.6357233
      ],
      [
       -70.2676892,
       43.6357838
      ]
     ]
    ]
   },
   "properties": {
    "osm_way_id": 457788730,
    "structure_type": "storage_tank",
    "name": "",
    "farm_id": "citgo",
    "used_in_analysis": "Y",
    "contains_tanks": 1
   }
  },
  {
   "type": "Feature",
   "geometry": {
    "type": "Polygon",
    "coordinates": [
     [
      [
       -70.2682577,
       43.6363418
      ],
      [
       -70.2682289,
       43.6363825
      ],
      [
       -70.2682198,
       43.6364278
      ],
      [
       -70.2682316,
       43.6364728
      ],
      [
       -70.2682629,
       43.6365125
      ],
      [
       -70.2683103,
       43.6365428
      ],
      [
       -70.2683688,
       43.6365602
      ],
      [
       -70.2684319,
       43.636563
      ],
      [
       -70.2684929,
       43.6365508
      ],
      [
       -70.268545,
       43.6365249
      ],
      [
       -70.2685827,
       43.6364882
      ],
      [
       -70.2686019,
       43.6364446
      ],
      [
       -70.2686005,
       43.6363989
      ],
      [
       -70.2685787,
       43.636356
      ],
      [
       -70.2685388,
       43.6363205
      ],
      [
       -70.2684852,
       43.6362963
      ],
      [
       -70.2684236,
       43.636286
      ],
      [
       -70.2683607,
       43.6362908
      ],
      [
       -70.2683033,
       43.6363101
      ],
      [
       -70.2682577,
       43.6363418
      ]
     ]
    ]
   },
   "properties": {
    "osm_way_id": 457788732,
    "structure_type": "storage_tank",
    "name": "",
    "farm_id": "citgo",
    "used_in_analysis": "Y",
    "contains_tanks": 1
   }
  },
  {
   "type": "Feature",
   "geometry": {
    "type": "Polygon",
    "coordinates": [
     [
      [
       -70.2679351,
       43.6366761
      ],
      [
       -70.267908,
       43.636716
      ],
      [
       -70.2678997,
       43.6367601
      ],
      [
       -70.2679109,
       43.6368038
      ],
      [
       -70.2679406,
       43.6368427
      ],
      [
       -70.2679857,
       43.6368729
      ],
      [
       -70.2680416,
       43.6368913
      ],
      [
       -70.2681027,
       43.636896
      ],
      [
       -70.2681627,
       43.6368866
      ],
      [
       -70.2682193,
       43.6368617
      ],
      [
       -70.2682609,
       43.6368244
      ],
      [
       -70.2682826,
       43.6367791
      ],
      [
       -70.2682819,
       43.6367312
      ],
      [
       -70.2682588,
       43.6366863
      ],
      [
       -70.268216,
       43.6366497
      ],
      [
       -70.2681587,
       43.6366257
      ],
      [
       -70.2680935,
       43.6366172
      ],
      [
       -70.2680328,
       43.6366241
      ],
      [
       -70.2679781,
       43.6366444
      ],
      [
       -70.2679351,
       43.6366761
      ]
     ]
    ]
   },
   "properties": {
    "osm_way_id": 457788733,
    "structure_type": "storage_tank",
    "name": "",
    "farm_id": "citgo",
    "used_in_analysis": "Y",
    "contains_tanks": 1
   }
  },
  {
   "type": "Feature",
   "geometry": {
    "type": "Polygon",
    "coordinates": [
     [
      [
       -70.2660506,
       43.6365974
      ],
      [
       -70.2660539,
       43.6366553
      ],
      [
       -70.2660842,
       43.636709
      ],
      [
       -70.2661379,
       43.636752
      ],
      [
       -70.2662085,
       43.6367794
      ],
      [
       -70.2662877,
       43.6367878
      ],
      [
       -70.2663662,
       43.6367763
      ],
      [
       -70.2664347,
       43.6367462
      ],
      [
       -70.2664813,
       43.6367058
      ],
      [
       -70.2665084,
       43.6366569
      ],
      [
       -70.2665133,
       43.6366043
      ],
      [
       -70.2664956,
       43.6365532
      ],
      [
       -70.2664568,
       43.6365086
      ],
      [
       -70.266401,
       43.6364748
      ],
      [
       -70.2663334,
       43.6364551
      ],
      [
       -70.2662608,
       43.6364515
      ],
      [
       -70.2661902,
       43.6364643
      ],
      [
       -70.266123,
       43.6364959
      ],
      [
       -70.2660745,
       43.6365421
      ],
      [
       -70.2660506,
       43.6365974
      ]
     ]
    ]
   },
   "properties": {
    "osm_way_id": 457788734,
    "structure_type": "storage_tank",
    "name": "",
    "farm_id": "citgo",
    "used_in_analysis": "Y",
    "contains_tanks": 1
   }
  },
  {
   "type": "Feature",
   "geometry": {
    "type": "Polygon",
    "coordinates": [
     [
      [
       -70.2903891,
       43.6378331
      ],
      [
       -70.2904273,
       43.6378779
      ],
      [
       -70.2904438,
       43.6379292
      ],
      [
       -70.290437,
       43.6379816
      ],
      [
       -70.2904076,
       43.6380297
      ],
      [
       -70.2903586,
       43.6380686
      ],
      [
       -70.2902951,
       43.6380942
      ],
      [
       -70.2902236,
       43.6381039
      ],
      [
       -70.2901476,
       43.6380958
      ],
      [
       -70.2900798,
       43.6380697
      ],
      [
       -70.290028,
       43.6380287
      ],
      [
       -70.2899981,
       43.6379775
      ],
      [
       -70.2899936,
       43.6379221
      ],
      [
       -70.290015,
       43.6378687
      ],
      [
       -70.2900598,
       43.6378236
      ],
      [
       -70.2901229,
       43.6377919
      ],
      [
       -70.2901929,
       43.6377777
      ],
      [
       -70.2902655,
       43.6377803
      ],
      [
       -70.2903333,
       43.6377994
      ],
      [
       -70.2903891,
       43.6378331
      ]
     ]
    ]
   },
   "properties": {
    "osm_way_id": 459164104,
    "structure_type": "storage_tank",
    "name": "",
    "farm_id": "sprague",
    "used_in_analysis": "Y",
    "contains_tanks": 1
   }
  },
  {
   "type": "Feature",
   "geometry": {
    "type": "Polygon",
    "coordinates": [
     [
      [
       -70.2892826,
       43.6383298
      ],
      [
       -70.2893207,
       43.6383746
      ],
      [
       -70.2893373,
       43.6384258
      ],
      [
       -70.2893305,
       43.6384782
      ],
      [
       -70.2893011,
       43.6385264
      ],
      [
       -70.289252,
       43.6385652
      ],
      [
       -70.2891885,
       43.6385909
      ],
      [
       -70.289117,
       43.6386005
      ],
      [
       -70.2890411,
       43.6385924
      ],
      [
       -70.2889733,
       43.6385663
      ],
      [
       -70.2889214,
       43.6385253
      ],
      [
       -70.2888915,
       43.6384742
      ],
      [
       -70.288887,
       43.6384187
      ],
      [
       -70.2889084,
       43.6383653
      ],
      [
       -70.2889532,
       43.6383202
      ],
      [
       -70.2890163,
       43.6382886
      ],
      [
       -70.2890863,
       43.6382744
      ],
      [
       -70.289159,
       43.6382769
      ],
      [
       -70.2892267,
       43.6382961
      ],
      [
       -70.2892826,
       43.6383298
      ]
     ]
    ]
   },
   "properties": {
    "osm_way_id": 459164105,
    "structure_type": "storage_tank",
    "name": "",
    "farm_id": "sprague",
    "used_in_analysis": "Y",
    "contains_tanks": 1
   }
  },
  {
   "type": "Feature",
   "geometry": {
    "type": "Polygon",
    "coordinates": [
     [
      [
       -70.2885763,
       43.6396048
      ],
      [
       -70.2886145,
       43.6396496
      ],
      [
       -70.288631,
       43.6397009
      ],
      [
       -70.2886242,
       43.6397533
      ],
      [
       -70.2885948,
       43.6398014
      ],
      [
       -70.2885458,
       43.6398403
      ],
      [
       -70.2884823,
       43.6398659
      ],
      [
       -70.2884108,
       43.6398756
      ],
      [
       -70.2883348,
       43.6398674
      ],
      [
       -70.288267,
       43.6398414
      ],
      [
       -70.2882152,
       43.6398004
      ],
      [
       -70.2881853,
       43.6397492
      ],
      [
       -70.2881808,
       43.6396938
      ],
      [
       -70.2882022,
       43.6396404
      ],
      [
       -70.288247,
       43.6395953
      ],
      [
       -70.2883101,
       43.6395636
      ],
      [
       -70.2883801,
       43.6395494
      ],
      [
       -70.2884527,
       43.639552
      ],
      [
       -70.2885205,
       43.6395711
      ],
      [
       -70.2885763,
       43.6396048
      ]
     ]
    ]
   },
   "properties": {
    "osm_way_id": 459164106,
    "structure_type": "storage_tank",
    "name": "",
    "farm_id": "sprague",
    "used_in_analysis": "Y",
    "contains_tanks": 1
   }
  },
  {
   "type": "Feature",
   "geometry": {
    "type": "Polygon",
    "coordinates": [
     [
      [
       -70.288863,
       43.6378316
      ],
      [
       -70.2888953,
       43.6378722
      ],
      [
       -70.2889067,
       43.6379183
      ],
      [
       -70.2888957,
       43.6379646
      ],
      [
       -70.2888637,
       43.6380053
      ],
      [
       -70.2888145,
       43.6380358
      ],
      [
       -70.288754,
       43.6380524
      ],
      [
       -70.2886892,
       43.6380531
      ],
      [
       -70.2886334,
       43.63804
      ],
      [
       -70.288586,
       43.6380151
      ],
      [
       -70.2885514,
       43.6379808
      ],
      [
       -70.2885332,
       43.6379405
      ],
      [
       -70.288533,
       43.637898
      ],
      [
       -70.2885509,
       43.6378576
      ],
      [
       -70.2885851,
       43.6378231
      ],
      [
       -70.2886323,
       43.637798
      ],
      [
       -70.288688,
       43.6377846
      ],
      [
       -70.2887527,
       43.637785
      ],
      [
       -70.2888135,
       43.6378013
      ],
      [
       -70.288863,
       43.6378316
      ]
     ]
    ]
   },
   "properties": {
    "osm_way_id": 459164466,
    "structure_type": "storage_tank",
    "name": "",
    "farm_id": "sprague",
    "used_in_analysis": "Y",
    "contains_tanks": 1
   }
  },
  {
   "type": "Feature",
   "geometry": {
    "type": "Polygon",
    "coordinates": [
     [
      [
       -70.2882825,
       43.6380861
      ],
      [
       -70.2883148,
       43.6381268
      ],
      [
       -70.2883262,
       43.6381729
      ],
      [
       -70.2883152,
       43.6382191
      ],
      [
       -70.2882832,
       43.6382599
      ],
      [
       -70.288234,
       43.6382904
      ],
      [
       -70.2881735,
       43.638307
      ],
      [
       -70.2881087,
       43.6383077
      ],
      [
       -70.2880529,
       43.6382946
      ],
      [
       -70.2880055,
       43.6382696
      ],
      [
       -70.2879709,
       43.6382353
      ],
      [
       -70.2879527,
       43.638195
      ],
      [
       -70.2879525,
       43.6381526
      ],
      [
       -70.2879704,
       43.6381122
      ],
      [
       -70.2880046,
       43.6380777
      ],
      [
       -70.2880518,
       43.6380525
      ],
      [
       -70.2881075,
       43.6380392
      ],
      [
       -70.2881723,
       43.6380396
      ],
      [
       -70.288233,
       43.6380559
      ],
      [
       -70.2882825,
       43.6380861
      ]
     ]
    ]
   },
   "properties": {
    "osm_way_id": 459164468,
    "structure_type": "storage_tank",
    "name": "",
    "farm_id": "sprague",
    "used_in_analysis": "Y",
    "contains_tanks": 1
   }
  },
  {
   "type": "Feature",
   "geometry": {
    "type": "Polygon",
    "coordinates": [
     [
      [
       -70.2877099,
       43.6383423
      ],
      [
       -70.2877422,
       43.6383829
      ],
      [
       -70.2877536,
       43.638429
      ],
      [
       -70.2877426,
       43.6384752
      ],
      [
       -70.2877107,
       43.638516
      ],
      [
       -70.2876615,
       43.6385465
      ],
      [
       -70.2876009,
       43.6385631
      ],
      [
       -70.2875361,
       43.6385638
      ],
      [
       -70.2874803,
       43.6385507
      ],
      [
       -70.2874329,
       43.6385258
      ],
      [
       -70.2873983,
       43.6384915
      ],
      [
       -70.2873801,
       43.6384511
      ],
      [
       -70.2873799,
       43.6384087
      ],
      [
       -70.2873978,
       43.6383683
      ],
      [
       -70.287432,
       43.6383338
      ],
      [
       -70.2874792,
       43.6383087
      ],
      [
       -70.2875349,
       43.6382953
      ],
      [
       -70.2875997,
       43.6382957
      ],
      [
       -70.2876604,
       43.638312
      ],
      [
       -70.2877099,
       43.6383423
      ]
     ]
    ]
   },
   "properties": {
    "osm_way_id": 459164470,
    "structure_type": "storage_tank",
    "name": "",
    "farm_id": "sprague",
    "used_in_analysis": "Y",
    "contains_tanks": 1
   }
  },
  {
   "type": "Feature",
   "geometry": {
    "type": "Polygon",
    "coordinates": [
     [
      [
       -70.288078,
       43.6389508
      ],
      [
       -70.2881405,
       43.6389941
      ],
      [
       -70.2882197,
       43.6390192
      ],
      [
       -70.288306,
       43.6390233
      ],
      [
       -70.2883891,
       43.6390058
      ],
      [
       -70.2884589,
       43.6389688
      ],
      [
       -70.288507,
       43.6389168
      ],
      [
       -70.2885269,
       43.6388622
      ],
      [
       -70.2885225,
       43.6388058
      ],
      [
       -70.2884943,
       43.6387531
      ],
      [
       -70.2884449,
       43.6387094
      ],
      [
       -70.2883792,
       43.6386788
      ],
      [
       -70.2883037,
       43.6386645
      ],
      [
       -70.2882258,
       43.6386677
      ],
      [
       -70.2881531,
       43.6386883
      ],
      [
       -70.2880927,
       43.6387241
      ],
      [
       -70.2880506,
       43.6387716
      ],
      [
       -70.2880301,
       43.6388324
      ],
      [
       -70.2880397,
       43.6388947
      ],
      [
       -70.288078,
       43.6389508
      ]
     ]
    ]
   },
   "properties": {
    "osm_way_id": 459164472,
    "structure_type": "storage_tank",
    "name": "",
    "farm_id": "sprague",
    "used_in_analysis": "Y",
    "contains_tanks": 1
   }
  },
  {
   "type": "Feature",
   "geometry": {
    "type": "Polygon",
    "coordinates": [
     [
      [
       -70.2414804,
       43.6515862
      ],
      [
       -70.2414467,
       43.6516049
      ],
      [
       -70.2414399,
       43.6516086
      ],
      [
       -70.2413978,
       43.6516053
      ],
      [
       -70.2413677,
       43.6515789
      ],
      [
       -70.2413717,
       43.6515465
      ],
      [
       -70.2413782,
       43.6515428
      ],
      [
       -70.2414089,
       43.6515236
      ],
      [
       -70.2414541,
       43.6515274
      ],
      [
       -70.2414844,
       43.6515538
      ],
      [
       -70.2414804,
       43.6515862
      ]
     ]
    ]
   },
   "properties": {
    "osm_way_id": 460904425,
    "structure_type": "industrial_parcel",
    "name": "Portland Pipe Line Corp.",
    "farm_id": "gulf_sunoco",
    "used_in_analysis": "Y",
    "contains_tanks": 0
   }
  },
  {
   "type": "Feature",
   "geometry": {
    "type": "Polygon",
    "coordinates": [
     [
      [
       -70.2421398,
       43.6521291
      ],
      [
       -70.242182,
       43.6521695
      ],
      [
       -70.2421551,
       43.6522032
      ],
      [
       -70.2422091,
       43.6522479
      ],
      [
       -70.2422279,
       43.6522368
      ],
      [
       -70.2425845,
       43.652562
      ],
      [
       -70.2426086,
       43.6525561
      ],
      [
       -70.2426525,
       43.6525948
      ],
      [
       -70.2426278,
       43.6526387
      ],
      [
       -70.2426238,
       43.6526412
      ],
      [
       -70.2426018,
       43.6526557
      ],
      [
       -70.2425339,
       43.6526652
      ],
      [
       -70.24249,
       43.6526265
      ],
      [
       -70.2425003,
       43.6526098
      ],
      [
       -70.2421919,
       43.6523303
      ],
      [
       -70.242143,
       43.652285
      ],
      [
       -70.2421329,
       43.6522755
      ],
      [
       -70.242155,
       43.6522638
      ],
      [
       -70.2421166,
       43.6522244
      ],
      [
       -70.2420628,
       43.6522345
      ],
      [
       -70.2420207,
       43.6521941
      ],
      [
       -70.2420432,
       43.6521547
      ],
      [
       -70.2420765,
       43.6521364
      ],
      [
       -70.2420818,
       43.6521335
      ],
      [
       -70.2421398,
       43.6521291
      ]
     ]
    ]
   },
   "properties": {
    "osm_way_id": 460904426,
    "structure_type": "industrial_parcel",
    "name": "Pier No. 1",
    "farm_id": "gulf_sunoco",
    "used_in_analysis": "Y",
    "contains_tanks": 0
   }
  },
  {
   "type": "Feature",
   "geometry": {
    "type": "Polygon",
    "coordinates": [
     [
      [
       -70.2431251,
       43.653028
      ],
      [
       -70.2431423,
       43.6530424
      ],
      [
       -70.2431521,
       43.65306
      ],
      [
       -70.2431536,
       43.653079
      ],
      [
       -70.2431465,
       43.6530973
      ],
      [
       -70.2431316,
       43.653113
      ],
      [
       -70.2431105,
       43.6531243
      ],
      [
       -70.2430851,
       43.6531301
      ],
      [
       -70.2430586,
       43.6531296
      ],
      [
       -70.2430337,
       43.6531229
      ],
      [
       -70.2430132,
       43.6531106
      ],
      [
       -70.2429994,
       43.6530942
      ],
      [
       -70.2429937,
       43.6530754
      ],
      [
       -70.2429968,
       43.6530563
      ],
      [
       -70.2430084,
       43.653039
      ],
      [
       -70.2430168,
       43.653033
      ],
      [
       -70.243027,
       43.6530255
      ],
      [
       -70.2430355,
       43.6530225
      ],
      [
       -70.2430505,
       43.6530171
      ],
      [
       -70.2430766,
       43.6530146
      ],
      [
       -70.2431024,
       43.6530184
      ],
      [
       -70.2431251,
       43.653028
      ]
     ]
    ]
   },
   "properties": {
    "osm_way_id": 460904427,
    "structure_type": "industrial_parcel",
    "name": "Portland Pipe Line Corp.",
    "farm_id": "gulf_sunoco",
    "used_in_analysis": "Y",
    "contains_tanks": 0
   }
  },
  {
   "type": "Feature",
   "geometry": {
    "type": "Polygon",
    "coordinates": [
     [
      [
       -70.2404163,
       43.6539309
      ],
      [
       -70.2404372,
       43.6539435
      ],
      [
       -70.2404513,
       43.6539604
      ],
      [
       -70.2404571,
       43.6539796
      ],
      [
       -70.2404539,
       43.6539992
      ],
      [
       -70.2404422,
       43.6540169
      ],
      [
       -70.2404231,
       43.654031
      ],
      [
       -70.2403988,
       43.6540398
      ],
      [
       -70.2403718,
       43.6540424
      ],
      [
       -70.2403451,
       43.6540385
      ],
      [
       -70.2403216,
       43.6540286
      ],
      [
       -70.2403038,
       43.6540137
      ],
      [
       -70.2402937,
       43.6539955
      ],
      [
       -70.2402923,
       43.6539758
      ],
      [
       -70.2402998,
       43.6539569
      ],
      [
       -70.2403184,
       43.6539385
      ],
      [
       -70.2403356,
       43.6539297
      ],
      [
       -70.240371,
       43.6539221
      ],
      [
       -70.2403909,
       43.6539239
      ],
      [
       -70.2404163,
       43.6539309
      ]
     ]
    ]
   },
   "properties": {
    "osm_way_id": 460904543,
    "structure_type": "industrial_parcel",
    "name": "Gulf Oil",
    "farm_id": "gulf_sunoco",
    "used_in_analysis": "Y",
    "contains_tanks": 0
   }
  },
  {
   "type": "Feature",
   "geometry": {
    "type": "Polygon",
    "coordinates": [
     [
      [
       -70.240371,
       43.6539221
      ],
      [
       -70.2403826,
       43.6538422
      ],
      [
       -70.240457,
       43.6538492
      ],
      [
       -70.240519,
       43.6534619
      ],
      [
       -70.2404647,
       43.6534016
      ],
      [
       -70.2404578,
       43.6533922
      ],
      [
       -70.2404441,
       43.6533738
      ],
      [
       -70.2397961,
       43.6527725
      ],
      [
       -70.2397411,
       43.6528018
      ],
      [
       -70.2403881,
       43.6533876
      ],
      [
       -70.2402958,
       43.6539379
      ],
      [
       -70.2403184,
       43.6539385
      ],
      [
       -70.2403356,
       43.6539297
      ],
      [
       -70.240371,
       43.6539221
      ]
     ]
    ]
   },
   "properties": {
    "osm_way_id": 460904807,
    "structure_type": "industrial_parcel",
    "name": "Gulf Oil",
    "farm_id": "gulf_sunoco",
    "used_in_analysis": "Y",
    "contains_tanks": 0
   }
  },
  {
   "type": "Feature",
   "geometry": {
    "type": "Polygon",
    "coordinates": [
     [
      [
       -70.2405306,
       43.653257
      ],
      [
       -70.2405461,
       43.6532694
      ],
      [
       -70.2405552,
       43.6532848
      ],
      [
       -70.2405569,
       43.6533015
      ],
      [
       -70.2405557,
       43.6533125
      ],
      [
       -70.2405469,
       43.6533271
      ],
      [
       -70.2405311,
       43.6533416
      ],
      [
       -70.2405066,
       43.6533521
      ],
      [
       -70.2404767,
       43.6533529
      ],
      [
       -70.2404657,
       43.6533507
      ],
      [
       -70.240455,
       43.6533486
      ],
      [
       -70.2404343,
       43.653338
      ],
      [
       -70.2404172,
       43.6533229
      ],
      [
       -70.2404108,
       43.6533076
      ],
      [
       -70.2404135,
       43.6532873
      ],
      [
       -70.2404238,
       43.6532694
      ],
      [
       -70.2404444,
       43.6532567
      ],
      [
       -70.2404648,
       43.6532488
      ],
      [
       -70.2404876,
       43.6532461
      ],
      [
       -70.2405104,
       43.653249
      ],
      [
       -70.2405306,
       43.653257
      ]
     ]
    ]
   },
   "properties": {
    "osm_way_id": 460904808,
    "structure_type": "industrial_parcel",
    "name": "Gulf Oil",
    "farm_id": "gulf_sunoco",
    "used_in_analysis": "Y",
    "contains_tanks": 0
   }
  },
  {
   "type": "Feature",
   "geometry": {
    "type": "Polygon",
    "coordinates": [
     [
      [
       -70.2583415,
       43.6382561
      ],
      [
       -70.2583714,
       43.6382911
      ],
      [
       -70.2583846,
       43.6383313
      ],
      [
       -70.2583797,
       43.6383724
      ],
      [
       -70.2583571,
       43.6384103
      ],
      [
       -70.2583192,
       43.6384411
      ],
      [
       -70.2582698,
       43.6384617
      ],
      [
       -70.2582139,
       43.6384699
      ],
      [
       -70.2581536,
       43.6384643
      ],
      [
       -70.2580994,
       43.6384443
      ],
      [
       -70.2580576,
       43.6384123
      ],
      [
       -70.258033,
       43.638372
      ],
      [
       -70.2580286,
       43.6383281
      ],
      [
       -70.2580448,
       43.6382857
      ],
      [
       -70.2580796,
       43.6382496
      ],
      [
       -70.2581292,
       43.6382241
      ],
      [
       -70.2581878,
       43.6382121
      ],
      [
       -70.2582447,
       43.6382144
      ],
      [
       -70.2582977,
       43.6382296
      ],
      [
       -70.2583415,
       43.6382561
      ]
     ]
    ]
   },
   "properties": {
    "osm_way_id": 466622762,
    "structure_type": "storage_tank",
    "name": "",
    "farm_id": "citgo",
    "used_in_analysis": "Y",
    "contains_tanks": 1
   }
  },
  {
   "type": "Feature",
   "geometry": {
    "type": "Polygon",
    "coordinates": [
     [
      [
       -70.2578976,
       43.6382975
      ],
      [
       -70.2579276,
       43.6383326
      ],
      [
       -70.2579408,
       43.6383727
      ],
      [
       -70.2579359,
       43.6384138
      ],
      [
       -70.2579133,
       43.6384517
      ],
      [
       -70.2578754,
       43.6384825
      ],
      [
       -70.257826,
       43.6385031
      ],
      [
       -70.2577701,
       43.6385114
      ],
      [
       -70.2577098,
       43.6385057
      ],
      [
       -70.2576556,
       43.6384857
      ],
      [
       -70.2576138,
       43.6384537
      ],
      [
       -70.2575892,
       43.6384134
      ],
      [
       -70.2575848,
       43.6383695
      ],
      [
       -70.2576009,
       43.6383271
      ],
      [
       -70.2576358,
       43.638291
      ],
      [
       -70.2576854,
       43.6382655
      ],
      [
       -70.257744,
       43.6382535
      ],
      [
       -70.2578009,
       43.6382558
      ],
      [
       -70.2578539,
       43.638271
      ],
      [
       -70.2578976,
       43.6382975
      ]
     ]
    ]
   },
   "properties": {
    "osm_way_id": 466622763,
    "structure_type": "storage_tank",
    "name": "",
    "farm_id": "citgo",
    "used_in_analysis": "Y",
    "contains_tanks": 1
   }
  },
  {
   "type": "Feature",
   "geometry": {
    "type": "Polygon",
    "coordinates": [
     [
      [
       -70.2574415,
       43.6383417
      ],
      [
       -70.2574715,
       43.6383768
      ],
      [
       -70.2574847,
       43.6384169
      ],
      [
       -70.2574798,
       43.6384581
      ],
      [
       -70.2574572,
       43.6384959
      ],
      [
       -70.2574193,
       43.6385267
      ],
      [
       -70.2573699,
       43.6385473
      ],
      [
       -70.257314,
       43.6385556
      ],
      [
       -70.2572537,
       43.6385499
      ],
      [
       -70.2571995,
       43.63853
      ],
      [
       -70.2571577,
       43.638498
      ],
      [
       -70.2571331,
       43.6384577
      ],
      [
       -70.2571287,
       43.6384138
      ],
      [
       -70.2571448,
       43.6383713
      ],
      [
       -70.2571797,
       43.6383353
      ],
      [
       -70.2572293,
       43.6383098
      ],
      [
       -70.2572879,
       43.6382978
      ],
      [
       -70.2573448,
       43.6383001
      ],
      [
       -70.2573978,
       43.6383153
      ],
      [
       -70.2574415,
       43.6383417
      ]
     ]
    ]
   },
   "properties": {
    "osm_way_id": 466622764,
    "structure_type": "storage_tank",
    "name": "",
    "farm_id": "citgo",
    "used_in_analysis": "Y",
    "contains_tanks": 1
   }
  },
  {
   "type": "Feature",
   "geometry": {
    "type": "Polygon",
    "coordinates": [
     [
      [
       -70.2571859,
       43.6386536
      ],
      [
       -70.2571592,
       43.6386764
      ],
      [
       -70.2571437,
       43.638704
      ],
      [
       -70.2571409,
       43.6387338
      ],
      [
       -70.2571511,
       43.6387627
      ],
      [
       -70.2571733,
       43.6387879
      ],
      [
       -70.2572052,
       43.6388068
      ],
      [
       -70.2572437,
       43.6388175
      ],
      [
       -70.2572849,
       43.638819
      ],
      [
       -70.2573283,
       43.6388099
      ],
      [
       -70.2573648,
       43.6387905
      ],
      [
       -70.25739,
       43.6387634
      ],
      [
       -70.2574008,
       43.6387316
      ],
      [
       -70.257396,
       43.6386991
      ],
      [
       -70.2573761,
       43.6386697
      ],
      [
       -70.2573436,
       43.638647
      ],
      [
       -70.2573023,
       43.6386337
      ],
      [
       -70.2572612,
       43.6386311
      ],
      [
       -70.257221,
       43.638638
      ],
      [
       -70.2571859,
       43.6386536
      ]
     ]
    ]
   },
   "properties": {
    "osm_way_id": 466622765,
    "structure_type": "storage_tank",
    "name": "",
    "farm_id": "citgo",
    "used_in_analysis": "Y",
    "contains_tanks": 1
   }
  },
  {
   "type": "Feature",
   "geometry": {
    "type": "Polygon",
    "coordinates": [
     [
      [
       -70.2572384,
       43.6388939
      ],
      [
       -70.2572117,
       43.6389166
      ],
      [
       -70.2571962,
       43.6389443
      ],
      [
       -70.2571934,
       43.6389741
      ],
      [
       -70.2572036,
       43.639003
      ],
      [
       -70.2572258,
       43.6390282
      ],
      [
       -70.2572577,
       43.6390471
      ],
      [
       -70.2572962,
       43.6390578
      ],
      [
       -70.2573374,
       43.6390593
      ],
      [
       -70.2573808,
       43.6390501
      ],
      [
       -70.2574173,
       43.6390308
      ],
      [
       -70.2574425,
       43.6390036
      ],
      [
       -70.2574533,
       43.6389719
      ],
      [
       -70.2574485,
       43.6389393
      ],
      [
       -70.2574286,
       43.63891
      ],
      [
       -70.2573961,
       43.6388872
      ],
      [
       -70.2573548,
       43.6388739
      ],
      [
       -70.2573137,
       43.6388714
      ],
      [
       -70.2572735,
       43.6388783
      ],
      [
       -70.2572384,
       43.6388939
      ]
     ]
    ]
   },
   "properties": {
    "osm_way_id": 466622766,
    "structure_type": "storage_tank",
    "name": "",
    "farm_id": "citgo",
    "used_in_analysis": "Y",
    "contains_tanks": 1
   }
  },
  {
   "type": "Feature",
   "geometry": {
    "type": "Polygon",
    "coordinates": [
     [
      [
       -70.2572768,
       43.6391107
      ],
      [
       -70.2572502,
       43.6391334
      ],
      [
       -70.2572346,
       43.6391611
      ],
      [
       -70.2572318,
       43.6391909
      ],
      [
       -70.2572421,
       43.6392198
      ],
      [
       -70.2572642,
       43.639245
      ],
      [
       -70.2572962,
       43.6392639
      ],
      [
       -70.2573347,
       43.6392746
      ],
      [
       -70.2573759,
       43.6392761
      ],
      [
       -70.2574193,
       43.639267
      ],
      [
       -70.2574558,
       43.6392476
      ],
      [
       -70.2574809,
       43.6392205
      ],
      [
       -70.2574918,
       43.6391887
      ],
      [
       -70.257487,
       43.6391562
      ],
      [
       -70.2574671,
       43.6391268
      ],
      [
       -70.2574346,
       43.6391041
      ],
      [
       -70.2573933,
       43.6390908
      ],
      [
       -70.2573522,
       43.6390882
      ],
      [
       -70.257312,
       43.6390951
      ],
      [
       -70.2572768,
       43.6391107
      ]
     ]
    ]
   },
   "properties": {
    "osm_way_id": 466622767,
    "structure_type": "storage_tank",
    "name": "",
    "farm_id": "citgo",
    "used_in_analysis": "Y",
    "contains_tanks": 1
   }
  },
  {
   "type": "Feature",
   "geometry": {
    "type": "Polygon",
    "coordinates": [
     [
      [
       -70.2306417,
       43.6532605
      ],
      [
       -70.2305693,
       43.6533255
      ],
      [
       -70.2305354,
       43.6533057
      ],
      [
       -70.2305505,
       43.6532922
      ],
      [
       -70.2304724,
       43.6532467
      ],
      [
       -70.2303816,
       43.6531937
      ],
      [
       -70.2303679,
       43.653206
      ],
      [
       -70.2303328,
       43.6531855
      ],
      [
       -70.2304038,
       43.6531217
      ],
      [
       -70.2306417,
       43.6532605
      ]
     ]
    ]
   },
   "properties": {
    "osm_way_id": 468251764,
    "structure_type": "industrial_parcel",
    "name": "",
    "farm_id": "gulf_sunoco",
    "used_in_analysis": "Y",
    "contains_tanks": 0
   }
  },
  {
   "type": "Feature",
   "geometry": {
    "type": "Polygon",
    "coordinates": [
     [
      [
       -70.230096,
       43.6537082
      ],
      [
       -70.2300127,
       43.6536609
      ],
      [
       -70.2299164,
       43.6536061
      ],
      [
       -70.2299928,
       43.6535358
      ],
      [
       -70.2301724,
       43.6536378
      ],
      [
       -70.230096,
       43.6537082
      ]
     ]
    ]
   },
   "properties": {
    "osm_way_id": 468251765,
    "structure_type": "industrial_parcel",
    "name": "",
    "farm_id": "gulf_sunoco",
    "used_in_analysis": "Y",
    "contains_tanks": 0
   }
  },
  {
   "type": "Feature",
   "geometry": {
    "type": "Polygon",
    "coordinates": [
     [
      [
       -70.2296903,
       43.6538581
      ],
      [
       -70.229809,
       43.6539229
      ],
      [
       -70.2297714,
       43.653954
      ],
      [
       -70.2298015,
       43.6539738
      ],
      [
       -70.2297563,
       43.6540122
      ],
      [
       -70.2297282,
       43.6539952
      ],
      [
       -70.2295249,
       43.6541785
      ],
      [
       -70.2295539,
       43.654195
      ],
      [
       -70.2294664,
       43.6542755
      ],
      [
       -70.2294262,
       43.6542693
      ],
      [
       -70.2292072,
       43.654471
      ],
      [
       -70.2292344,
       43.6544876
      ],
      [
       -70.2291881,
       43.6545273
      ],
      [
       -70.2291595,
       43.654509
      ],
      [
       -70.2291263,
       43.654543
      ],
      [
       -70.229078,
       43.6545151
      ],
      [
       -70.2290549,
       43.6545017
      ],
      [
       -70.2290087,
       43.654475
      ],
      [
       -70.2290432,
       43.6544409
      ],
      [
       -70.229013,
       43.6544244
      ],
      [
       -70.2290534,
       43.6543847
      ],
      [
       -70.2290857,
       43.6544012
      ],
      [
       -70.2293216,
       43.6541894
      ],
      [
       -70.2292912,
       43.6541723
      ],
      [
       -70.2293699,
       43.6540992
      ],
      [
       -70.2294002,
       43.6541163
      ],
      [
       -70.2296081,
       43.6539273
      ],
      [
       -70.2295753,
       43.6539102
      ],
      [
       -70.2296199,
       43.6538696
      ],
      [
       -70.229655,
       43.6538906
      ],
      [
       -70.2296903,
       43.6538581
      ]
     ]
    ]
   },
   "properties": {
    "osm_way_id": 468251766,
    "structure_type": "industrial_parcel",
    "name": "",
    "farm_id": "gulf_sunoco",
    "used_in_analysis": "Y",
    "contains_tanks": 0
   }
  },
  {
   "type": "Feature",
   "geometry": {
    "type": "Polygon",
    "coordinates": [
     [
      [
       -70.2288823,
       43.6548063
      ],
      [
       -70.2288056,
       43.6547621
      ],
      [
       -70.2287807,
       43.6547476
      ],
      [
       -70.2287043,
       43.6547035
      ],
      [
       -70.2287897,
       43.6546274
      ],
      [
       -70.2288653,
       43.6546702
      ],
      [
       -70.2288916,
       43.6546851
      ],
      [
       -70.2289681,
       43.6547284
      ],
      [
       -70.2288823,
       43.6548063
      ]
     ]
    ]
   },
   "properties": {
    "osm_way_id": 468251767,
    "structure_type": "industrial_parcel",
    "name": "",
    "farm_id": "gulf_sunoco",
    "used_in_analysis": "Y",
    "contains_tanks": 0
   }
  },
  {
   "type": "Feature",
   "geometry": {
    "type": "Polygon",
    "coordinates": [
     [
      [
       -70.2286099,
       43.655052
      ],
      [
       -70.2285332,
       43.6550081
      ],
      [
       -70.2285084,
       43.6549939
      ],
      [
       -70.2284297,
       43.6549489
      ],
      [
       -70.2285156,
       43.6548714
      ],
      [
       -70.2285939,
       43.6549167
      ],
      [
       -70.2286178,
       43.6549306
      ],
      [
       -70.2286954,
       43.6549754
      ],
      [
       -70.2286099,
       43.655052
      ]
     ]
    ]
   },
   "properties": {
    "osm_way_id": 468251768,
    "structure_type": "industrial_parcel",
    "name": "",
    "farm_id": "gulf_sunoco",
    "used_in_analysis": "Y",
    "contains_tanks": 0
   }
  },
  {
   "type": "Feature",
   "geometry": {
    "type": "Polygon",
    "coordinates": [
     [
      [
       -70.2668463,
       43.6348201
      ],
      [
       -70.2668186,
       43.6348757
      ],
      [
       -70.266767,
       43.6349215
      ],
      [
       -70.2666973,
       43.6349523
      ],
      [
       -70.2666174,
       43.6349646
      ],
      [
       -70.2665364,
       43.6349571
      ],
      [
       -70.2664666,
       43.6349321
      ],
      [
       -70.2664113,
       43.6348925
      ],
      [
       -70.2663761,
       43.6348422
      ],
      [
       -70.2663649,
       43.6347864
      ],
      [
       -70.2663786,
       43.6347309
      ],
      [
       -70.2664158,
       43.6346815
      ],
      [
       -70.2664729,
       43.6346431
      ],
      [
       -70.2665437,
       43.6346197
      ],
      [
       -70.2666212,
       43.6346138
      ],
      [
       -70.2667008,
       43.6346271
      ],
      [
       -70.2667698,
       43.6346587
      ],
      [
       -70.2668205,
       43.634705
      ],
      [
       -70.266847,
       43.634761
      ],
      [
       -70.2668463,
       43.6348201
      ]
     ]
    ]
   },
   "properties": {
    "osm_way_id": 472820646,
    "structure_type": "storage_tank",
    "name": "",
    "farm_id": "citgo",
    "used_in_analysis": "Y",
    "contains_tanks": 1
   }
  },
  {
   "type": "Feature",
   "geometry": {
    "type": "Polygon",
    "coordinates": [
     [
      [
       -70.2662714,
       43.6349232
      ],
      [
       -70.2662965,
       43.6349726
      ],
      [
       -70.2662988,
       43.6350252
      ],
      [
       -70.2662782,
       43.6350756
      ],
      [
       -70.2662366,
       43.6351188
      ],
      [
       -70.2661784,
       43.6351503
      ],
      [
       -70.2661094,
       43.6351669
      ],
      [
       -70.2660318,
       43.6351663
      ],
      [
       -70.265959,
       43.635147
      ],
      [
       -70.2658994,
       43.635111
      ],
      [
       -70.2658599,
       43.6350627
      ],
      [
       -70.2658451,
       43.6350076
      ],
      [
       -70.2658566,
       43.6349521
      ],
      [
       -70.2658933,
       43.6349026
      ],
      [
       -70.2659507,
       43.6348649
      ],
      [
       -70.2660223,
       43.6348433
      ],
      [
       -70.2660948,
       43.63484
      ],
      [
       -70.2661652,
       43.6348533
      ],
      [
       -70.2662261,
       43.6348821
      ],
      [
       -70.2662714,
       43.6349232
      ]
     ]
    ]
   },
   "properties": {
    "osm_way_id": 472820647,
    "structure_type": "storage_tank",
    "name": "",
    "farm_id": "citgo",
    "used_in_analysis": "Y",
    "contains_tanks": 1
   }
  },
  {
   "type": "Feature",
   "geometry": {
    "type": "Polygon",
    "coordinates": [
     [
      [
       -70.2831555,
       43.6358399
      ],
      [
       -70.2831522,
       43.6358893
      ],
      [
       -70.2831261,
       43.635935
      ],
      [
       -70.2830803,
       43.6359716
      ],
      [
       -70.2830253,
       43.6359936
      ],
      [
       -70.2829636,
       43.6360021
      ],
      [
       -70.2829013,
       43.6359963
      ],
      [
       -70.2828446,
       43.6359768
      ],
      [
       -70.282799,
       43.6359455
      ],
      [
       -70.2827691,
       43.6359056
      ],
      [
       -70.2827579,
       43.6358608
      ],
      [
       -70.2827665,
       43.6358158
      ],
      [
       -70.2827939,
       43.6357749
      ],
      [
       -70.2828421,
       43.6357399
      ],
      [
       -70.2829038,
       43.6357186
      ],
      [
       -70.2829717,
       43.6357137
      ],
      [
       -70.283038,
       43.6357256
      ],
      [
       -70.2830949,
       43.635753
      ],
      [
       -70.2831356,
       43.6357926
      ],
      [
       -70.2831555,
       43.6358399
      ]
     ]
    ]
   },
   "properties": {
    "osm_way_id": 481687829,
    "structure_type": "storage_tank",
    "name": "",
    "farm_id": "buckeye",
    "used_in_analysis": "Y",
    "contains_tanks": 1
   }
  },
  {
   "type": "Feature",
   "geometry": {
    "type": "Polygon",
    "coordinates": [
     [
      [
       -70.2840456,
       43.6358715
      ],
      [
       -70.2840177,
       43.6359124
      ],
      [
       -70.2839729,
       43.6359446
      ],
      [
       -70.2839161,
       43.6359645
      ],
      [
       -70.2838536,
       43.6359699
      ],
      [
       -70.2837921,
       43.6359604
      ],
      [
       -70.2837381,
       43.6359369
      ],
      [
       -70.2836976,
       43.6359021
      ],
      [
       -70.2836749,
       43.6358596
      ],
      [
       -70.2836724,
       43.6358141
      ],
      [
       -70.2836904,
       43.6357705
      ],
      [
       -70.283727,
       43.6357335
      ],
      [
       -70.2837783,
       43.635707
      ],
      [
       -70.2838387,
       43.635694
      ],
      [
       -70.2839018,
       43.6356959
      ],
      [
       -70.2839605,
       43.6357126
      ],
      [
       -70.2840086,
       43.6357422
      ],
      [
       -70.2840408,
       43.6357815
      ],
      [
       -70.2840536,
       43.6358262
      ],
      [
       -70.2840456,
       43.6358715
      ]
     ]
    ]
   },
   "properties": {
    "osm_way_id": 481687830,
    "structure_type": "storage_tank",
    "name": "",
    "farm_id": "buckeye",
    "used_in_analysis": "Y",
    "contains_tanks": 1
   }
  },
  {
   "type": "Feature",
   "geometry": {
    "type": "Polygon",
    "coordinates": [
     [
      [
       -70.2843495,
       43.6359156
      ],
      [
       -70.28437,
       43.6359271
      ],
      [
       -70.2843842,
       43.6359428
      ],
      [
       -70.2843905,
       43.635961
      ],
      [
       -70.2843883,
       43.6359797
      ],
      [
       -70.2843778,
       43.6359969
      ],
      [
       -70.2843601,
       43.6360106
      ],
      [
       -70.2843374,
       43.6360193
      ],
      [
       -70.2843121,
       43.6360223
      ],
      [
       -70.2842868,
       43.6360192
      ],
      [
       -70.2842643,
       43.6360103
      ],
      [
       -70.2842469,
       43.6359967
      ],
      [
       -70.2842366,
       43.6359797
      ],
      [
       -70.2842343,
       43.6359612
      ],
      [
       -70.2842405,
       43.6359432
      ],
      [
       -70.2842543,
       43.6359276
      ],
      [
       -70.2842746,
       43.6359159
      ],
      [
       -70.2842991,
       43.6359097
      ],
      [
       -70.284325,
       43.6359096
      ],
      [
       -70.2843495,
       43.6359156
      ]
     ]
    ]
   },
   "properties": {
    "osm_way_id": 481687831,
    "structure_type": "storage_tank",
    "name": "",
    "farm_id": "buckeye",
    "used_in_analysis": "Y",
    "contains_tanks": 1
   }
  },
  {
   "type": "Feature",
   "geometry": {
    "type": "Polygon",
    "coordinates": [
     [
      [
       -70.2836754,
       43.6361042
      ],
      [
       -70.2836874,
       43.6361262
      ],
      [
       -70.2836892,
       43.6361497
      ],
      [
       -70.2836808,
       43.6361725
      ],
      [
       -70.2836629,
       43.6361922
      ],
      [
       -70.2836354,
       43.6362077
      ],
      [
       -70.2836024,
       43.6362155
      ],
      [
       -70.2835676,
       43.636215
      ],
      [
       -70.2835351,
       43.636206
      ],
      [
       -70.2835086,
       43.6361897
      ],
      [
       -70.2834911,
       43.6361679
      ],
      [
       -70.2834847,
       43.6361432
      ],
      [
       -70.2834901,
       43.6361183
      ],
      [
       -70.2835067,
       43.6360962
      ],
      [
       -70.2835326,
       43.6360793
      ],
      [
       -70.2835626,
       43.6360701
      ],
      [
       -70.2835951,
       43.6360682
      ],
      [
       -70.2836268,
       43.6360737
      ],
      [
       -70.2836545,
       43.6360861
      ],
      [
       -70.2836754,
       43.6361042
      ]
     ]
    ]
   },
   "properties": {
    "osm_way_id": 481687832,
    "structure_type": "storage_tank",
    "name": "",
    "farm_id": "buckeye",
    "used_in_analysis": "Y",
    "contains_tanks": 1
   }
  },
  {
   "type": "Feature",
   "geometry": {
    "type": "Polygon",
    "coordinates": [
     [
      [
       -70.2832452,
       43.6371472
      ],
      [
       -70.2833094,
       43.637133
      ],
      [
       -70.2833757,
       43.6371346
      ],
      [
       -70.2834377,
       43.6371515
      ],
      [
       -70.2834888,
       43.6371821
      ],
      [
       -70.2835236,
       43.637223
      ],
      [
       -70.2835384,
       43.6372697
      ],
      [
       -70.2835314,
       43.6373175
      ],
      [
       -70.2835036,
       43.637361
      ],
      [
       -70.2834579,
       43.6373958
      ],
      [
       -70.2833991,
       43.637418
      ],
      [
       -70.2833327,
       43.6374253
      ],
      [
       -70.2832666,
       43.6374165
      ],
      [
       -70.2832081,
       43.6373925
      ],
      [
       -70.2831637,
       43.6373561
      ],
      [
       -70.2831381,
       43.6373111
      ],
      [
       -70.2831342,
       43.6372626
      ],
      [
       -70.2831525,
       43.6372158
      ],
      [
       -70.2831909,
       43.6371759
      ],
      [
       -70.2832452,
       43.6371472
      ]
     ]
    ]
   },
   "properties": {
    "osm_way_id": 567527349,
    "structure_type": "storage_tank",
    "name": "",
    "farm_id": "buckeye",
    "used_in_analysis": "Y",
    "contains_tanks": 1
   }
  },
  {
   "type": "Feature",
   "geometry": {
    "type": "Polygon",
    "coordinates": [
     [
      [
       -70.2831526,
       43.6377752
      ],
      [
       -70.2831578,
       43.6377268
      ],
      [
       -70.2831411,
       43.6376797
      ],
      [
       -70.2831043,
       43.637639
      ],
      [
       -70.2830513,
       43.6376092
      ],
      [
       -70.2829878,
       43.6375934
      ],
      [
       -70.2829206,
       43.6375933
      ],
      [
       -70.282857,
       43.6376089
      ],
      [
       -70.2828038,
       43.6376385
      ],
      [
       -70.2827667,
       43.6376791
      ],
      [
       -70.2827497,
       43.6377261
      ],
      [
       -70.2827548,
       43.637775
      ],
      [
       -70.2827816,
       43.63782
      ],
      [
       -70.2828273,
       43.6378562
      ],
      [
       -70.2828868,
       43.6378797
      ],
      [
       -70.2829536,
       43.6378878
      ],
      [
       -70.2830204,
       43.6378798
      ],
      [
       -70.2830799,
       43.6378564
      ],
      [
       -70.2831256,
       43.6378202
      ],
      [
       -70.2831526,
       43.6377752
      ]
     ]
    ]
   },
   "properties": {
    "osm_way_id": 567527486,
    "structure_type": "storage_tank",
    "name": "",
    "farm_id": "buckeye",
    "used_in_analysis": "Y",
    "contains_tanks": 1
   }
  },
  {
   "type": "Feature",
   "geometry": {
    "type": "Polygon",
    "coordinates": [
     [
      [
       -70.2832858,
       43.6378899
      ],
      [
       -70.2832348,
       43.6379268
      ],
      [
       -70.2832004,
       43.6379727
      ],
      [
       -70.2831853,
       43.6380237
      ],
      [
       -70.2831907,
       43.6380758
      ],
      [
       -70.2832162,
       43.6381246
      ],
      [
       -70.2832597,
       43.6381662
      ],
      [
       -70.2833177,
       43.6381972
      ],
      [
       -70.2833855,
       43.6382151
      ],
      [
       -70.2834574,
       43.6382184
      ],
      [
       -70.2835278,
       43.6382068
      ],
      [
       -70.2835955,
       43.6381786
      ],
      [
       -70.2836481,
       43.6381368
      ],
      [
       -70.2836805,
       43.6380853
      ],
      [
       -70.2836896,
       43.6380291
      ],
      [
       -70.2836745,
       43.6379736
      ],
      [
       -70.2836367,
       43.6379241
      ],
      [
       -70.2835798,
       43.6378853
      ],
      [
       -70.2835092,
       43.637861
      ],
      [
       -70.2834318,
       43.6378534
      ],
      [
       -70.2833548,
       43.6378634
      ],
      [
       -70.2832858,
       43.6378899
      ]
     ]
    ]
   },
   "properties": {
    "osm_way_id": 567527697,
    "structure_type": "storage_tank",
    "name": "",
    "farm_id": "buckeye",
    "used_in_analysis": "Y",
    "contains_tanks": 1
   }
  },
  {
   "type": "Feature",
   "geometry": {
    "type": "Polygon",
    "coordinates": [
     [
      [
       -70.2839053,
       43.6376981
      ],
      [
       -70.2839594,
       43.6376793
      ],
      [
       -70.2840024,
       43.6376491
      ],
      [
       -70.28403,
       43.6376106
      ],
      [
       -70.2840394,
       43.6375648
      ],
      [
       -70.2840269,
       43.6375194
      ],
      [
       -70.283994,
       43.6374797
      ],
      [
       -70.2839446,
       43.6374503
      ],
      [
       -70.2838844,
       43.6374347
      ],
      [
       -70.2838204,
       43.6374346
      ],
      [
       -70.2837602,
       43.6374502
      ],
      [
       -70.2837107,
       43.6374795
      ],
      [
       -70.2836792,
       43.6375164
      ],
      [
       -70.2836654,
       43.6375586
      ],
      [
       -70.2836708,
       43.6376018
      ],
      [
       -70.2836948,
       43.6376416
      ],
      [
       -70.2837349,
       43.6376738
      ],
      [
       -70.2837871,
       43.6376952
      ],
      [
       -70.2838459,
       43.6377036
      ],
      [
       -70.2839053,
       43.6376981
      ]
     ]
    ]
   },
   "properties": {
    "osm_way_id": 567528035,
    "structure_type": "storage_tank",
    "name": "",
    "farm_id": "buckeye",
    "used_in_analysis": "Y",
    "contains_tanks": 1
   }
  },
  {
   "type": "Feature",
   "geometry": {
    "type": "Polygon",
    "coordinates": [
     [
      [
       -70.2841096,
       43.6363266
      ],
      [
       -70.2840661,
       43.6363289
      ],
      [
       -70.2840242,
       43.6363203
      ],
      [
       -70.2839915,
       43.6363038
      ],
      [
       -70.2839676,
       43.6362808
      ],
      [
       -70.2839549,
       43.6362535
      ],
      [
       -70.2839546,
       43.6362247
      ],
      [
       -70.2839667,
       43.6361972
      ],
      [
       -70.2839901,
       43.6361739
      ],
      [
       -70.2840224,
       43.636157
      ],
      [
       -70.2840603,
       43.6361483
      ],
      [
       -70.2841001,
       43.6361486
      ],
      [
       -70.2841378,
       43.6361579
      ],
      [
       -70.2841696,
       43.6361753
      ],
      [
       -70.2841939,
       43.6362014
      ],
      [
       -70.2842044,
       43.6362321
      ],
      [
       -70.2841998,
       43.6362634
      ],
      [
       -70.2841807,
       43.6362918
      ],
      [
       -70.2841494,
       43.6363137
      ],
      [
       -70.2841096,
       43.6363266
      ]
     ]
    ]
   },
   "properties": {
    "osm_way_id": 567528187,
    "structure_type": "storage_tank",
    "name": "",
    "farm_id": "buckeye",
    "used_in_analysis": "Y",
    "contains_tanks": 1
   }
  },
  {
   "type": "Feature",
   "geometry": {
    "type": "Polygon",
    "coordinates": [
     [
      [
       -70.2844642,
       43.6363496
      ],
      [
       -70.2844585,
       43.6363283
      ],
      [
       -70.2844438,
       43.6363095
      ],
      [
       -70.2844218,
       43.6362948
      ],
      [
       -70.2843946,
       43.6362859
      ],
      [
       -70.2843621,
       43.6362836
      ],
      [
       -70.2843305,
       43.6362895
      ],
      [
       -70.2843036,
       43.6363028
      ],
      [
       -70.2842844,
       43.6363219
      ],
      [
       -70.2842754,
       43.6363445
      ],
      [
       -70.2842774,
       43.6363681
      ],
      [
       -70.2842904,
       43.6363897
      ],
      [
       -70.2843128,
       43.6364069
      ],
      [
       -70.2843419,
       43.6364176
      ],
      [
       -70.2843715,
       43.6364206
      ],
      [
       -70.2844009,
       43.6364167
      ],
      [
       -70.2844272,
       43.6364064
      ],
      [
       -70.2844478,
       43.6363907
      ],
      [
       -70.2844605,
       43.6363711
      ],
      [
       -70.2844642,
       43.6363496
      ]
     ]
    ]
   },
   "properties": {
    "osm_way_id": 567528247,
    "structure_type": "storage_tank",
    "name": "",
    "farm_id": "buckeye",
    "used_in_analysis": "Y",
    "contains_tanks": 1
   }
  },
  {
   "type": "Feature",
   "geometry": {
    "type": "Polygon",
    "coordinates": [
     [
      [
       -70.2833284,
       43.6362754
      ],
      [
       -70.2833035,
       43.6362978
      ],
      [
       -70.2832701,
       43.6363135
      ],
      [
       -70.2832316,
       43.6363208
      ],
      [
       -70.2831919,
       43.6363189
      ],
      [
       -70.2831527,
       43.636307
      ],
      [
       -70.2831213,
       43.6362863
      ],
      [
       -70.2831013,
       43.6362592
      ],
      [
       -70.2830951,
       43.6362287
      ],
      [
       -70.2831033,
       43.6361986
      ],
      [
       -70.2831251,
       43.6361721
      ],
      [
       -70.2831578,
       43.6361525
      ],
      [
       -70.2831978,
       43.636142
      ],
      [
       -70.2832403,
       43.6361418
      ],
      [
       -70.283278,
       43.636151
      ],
      [
       -70.2833097,
       43.6361683
      ],
      [
       -70.2833324,
       43.636192
      ],
      [
       -70.2833436,
       43.6362196
      ],
      [
       -70.2833422,
       43.6362484
      ],
      [
       -70.2833284,
       43.6362754
      ]
     ]
    ]
   },
   "properties": {
    "osm_way_id": 567528285,
    "structure_type": "storage_tank",
    "name": "",
    "farm_id": "buckeye",
    "used_in_analysis": "Y",
    "contains_tanks": 1
   }
  },
  {
   "type": "Feature",
   "geometry": {
    "type": "Polygon",
    "coordinates": [
     [
      [
       -70.2837887,
       43.6364868
      ],
      [
       -70.2837517,
       43.6364996
      ],
      [
       -70.2837109,
       43.6365033
      ],
      [
       -70.2836706,
       43.6364976
      ],
      [
       -70.2836348,
       43.6364831
      ],
      [
       -70.2836054,
       43.6364592
      ],
      [
       -70.2835888,
       43.6364296
      ],
      [
       -70.283587,
       43.6363976
      ],
      [
       -70.2836002,
       43.6363671
      ],
      [
       -70.2836268,
       43.6363416
      ],
      [
       -70.2836637,
       43.6363241
      ],
      [
       -70.2837066,
       43.6363165
      ],
      [
       -70.2837506,
       43.6363199
      ],
      [
       -70.2837904,
       43.6363338
      ],
      [
       -70.2838195,
       43.6363547
      ],
      [
       -70.2838382,
       43.6363812
      ],
      [
       -70.2838444,
       43.6364106
      ],
      [
       -70.2838376,
       43.6364399
      ],
      [
       -70.2838183,
       43.6364662
      ],
      [
       -70.2837887,
       43.6364868
      ]
     ]
    ]
   },
   "properties": {
    "osm_way_id": 567528310,
    "structure_type": "storage_tank",
    "name": "",
    "farm_id": "buckeye",
    "used_in_analysis": "Y",
    "contains_tanks": 1
   }
  },
  {
   "type": "Feature",
   "geometry": {
    "type": "Polygon",
    "coordinates": [
     [
      [
       -70.2840489,
       43.6366797
      ],
      [
       -70.2840575,
       43.6366575
      ],
      [
       -70.2840557,
       43.6366349
      ],
      [
       -70.284044,
       43.6366139
      ],
      [
       -70.2840235,
       43.6365968
      ],
      [
       -70.2839966,
       43.6365854
      ],
      [
       -70.283966,
       43.6365808
      ],
      [
       -70.2839349,
       43.6365836
      ],
      [
       -70.2839068,
       43.6365934
      ],
      [
       -70.2838845,
       43.6366093
      ],
      [
       -70.2838705,
       43.6366295
      ],
      [
       -70.2838662,
       43.6366524
      ],
      [
       -70.2838725,
       43.636675
      ],
      [
       -70.2838887,
       43.6366949
      ],
      [
       -70.283913,
       43.6367098
      ],
      [
       -70.2839427,
       43.6367181
      ],
      [
       -70.2839745,
       43.636719
      ],
      [
       -70.284005,
       43.6367123
      ],
      [
       -70.2840308,
       43.6366987
      ],
      [
       -70.2840489,
       43.6366797
      ]
     ]
    ]
   },
   "properties": {
    "osm_way_id": 567528411,
    "structure_type": "storage_tank",
    "name": "",
    "farm_id": "buckeye",
    "used_in_analysis": "Y",
    "contains_tanks": 1
   }
  },
  {
   "type": "Feature",
   "geometry": {
    "type": "Polygon",
    "coordinates": [
     [
      [
       -70.2863155,
       43.6377182
      ],
      [
       -70.2862675,
       43.6377209
      ],
      [
       -70.2862208,
       43.6377126
      ],
      [
       -70.2861775,
       43.6376924
      ],
      [
       -70.2861458,
       43.637663
      ],
      [
       -70.2861296,
       43.6376276
      ],
      [
       -70.2861306,
       43.6375903
      ],
      [
       -70.2861488,
       43.6375555
      ],
      [
       -70.286182,
       43.6375269
      ],
      [
       -70.2862265,
       43.6375081
      ],
      [
       -70.2862771,
       43.6375011
      ],
      [
       -70.286328,
       43.6375067
      ],
      [
       -70.2863734,
       43.6375243
      ],
      [
       -70.2864081,
       43.6375518
      ],
      [
       -70.2864273,
       43.6375838
      ],
      [
       -70.2864318,
       43.6376184
      ],
      [
       -70.2864211,
       43.6376523
      ],
      [
       -70.2863963,
       43.6376821
      ],
      [
       -70.2863599,
       43.6377048
      ],
      [
       -70.2863155,
       43.6377182
      ]
     ]
    ]
   },
   "properties": {
    "osm_way_id": 567528538,
    "structure_type": "storage_tank",
    "name": "",
    "farm_id": "sprague",
    "used_in_analysis": "Y",
    "contains_tanks": 1
   }
  },
  {
   "type": "Feature",
   "geometry": {
    "type": "Polygon",
    "coordinates": [
     [
      [
       -70.2868872,
       43.6376149
      ],
      [
       -70.2868615,
       43.6376273
      ],
      [
       -70.2868318,
       43.6376334
      ],
      [
       -70.2868009,
       43.6376324
      ],
      [
       -70.286772,
       43.6376245
      ],
      [
       -70.2867461,
       43.637609
      ],
      [
       -70.2867289,
       43.637588
      ],
      [
       -70.2867227,
       43.637564
      ],
      [
       -70.286728,
       43.63754
      ],
      [
       -70.2867442,
       43.6375186
      ],
      [
       -70.2867696,
       43.6375025
      ],
      [
       -70.2868009,
       43.6374936
      ],
      [
       -70.2868346,
       43.6374929
      ],
      [
       -70.2868666,
       43.6375005
      ],
      [
       -70.2868912,
       43.637514
      ],
      [
       -70.2869088,
       43.6375324
      ],
      [
       -70.2869176,
       43.6375538
      ],
      [
       -70.2869167,
       43.6375762
      ],
      [
       -70.2869062,
       43.6375972
      ],
      [
       -70.2868872,
       43.6376149
      ]
     ]
    ]
   },
   "properties": {
    "osm_way_id": 567528669,
    "structure_type": "storage_tank",
    "name": "",
    "farm_id": "sprague",
    "used_in_analysis": "Y",
    "contains_tanks": 1
   }
  },
  {
   "type": "Feature",
   "geometry": {
    "type": "Polygon",
    "coordinates": [
     [
      [
       -70.2867311,
       43.6374099
      ],
      [
       -70.286679,
       43.6374007
      ],
      [
       -70.2866343,
       43.6373792
      ],
      [
       -70.2866047,
       43.6373513
      ],
      [
       -70.2865886,
       43.637318
      ],
      [
       -70.2865875,
       43.6372828
      ],
      [
       -70.2866016,
       43.6372491
      ],
      [
       -70.2866295,
       43.6372202
      ],
      [
       -70.2866683,
       43.6371989
      ],
      [
       -70.2867143,
       43.6371875
      ],
      [
       -70.286763,
       43.6371869
      ],
      [
       -70.2868095,
       43.6371973
      ],
      [
       -70.2868493,
       43.6372176
      ],
      [
       -70.2868806,
       43.6372491
      ],
      [
       -70.2868952,
       43.6372864
      ],
      [
       -70.2868914,
       43.6373251
      ],
      [
       -70.2868696,
       43.6373606
      ],
      [
       -70.2868325,
       43.6373885
      ],
      [
       -70.2867843,
       43.6374057
      ],
      [
       -70.2867311,
       43.6374099
      ]
     ]
    ]
   },
   "properties": {
    "osm_way_id": 567528890,
    "structure_type": "storage_tank",
    "name": "",
    "farm_id": "sprague",
    "used_in_analysis": "Y",
    "contains_tanks": 1
   }
  },
  {
   "type": "Feature",
   "geometry": {
    "type": "Polygon",
    "coordinates": [
     [
      [
       -70.2883573,
       43.6367451
      ],
      [
       -70.288293,
       43.636733
      ],
      [
       -70.2882266,
       43.6367359
      ],
      [
       -70.2881591,
       43.6367562
      ],
      [
       -70.2881051,
       43.6367919
      ],
      [
       -70.2880712,
       43.6368387
      ],
      [
       -70.2880613,
       43.6368911
      ],
      [
       -70.2880767,
       43.6369428
      ],
      [
       -70.2881154,
       43.6369877
      ],
      [
       -70.2881729,
       43.6370203
      ],
      [
       -70.2882424,
       43.6370368
      ],
      [
       -70.2883154,
       43.6370352
      ],
      [
       -70.2883776,
       43.6370182
      ],
      [
       -70.2884294,
       43.6369881
      ],
      [
       -70.2884658,
       43.6369477
      ],
      [
       -70.288483,
       43.6369012
      ],
      [
       -70.2884794,
       43.6368532
      ],
      [
       -70.2884554,
       43.6368083
      ],
      [
       -70.2884133,
       43.636771
      ],
      [
       -70.2883573,
       43.6367451
      ]
     ]
    ]
   },
   "properties": {
    "osm_way_id": 567529227,
    "structure_type": "storage_tank",
    "name": "",
    "farm_id": "sprague",
    "used_in_analysis": "Y",
    "contains_tanks": 1
   }
  },
  {
   "type": "Feature",
   "geometry": {
    "type": "Polygon",
    "coordinates": [
     [
      [
       -70.2824047,
       43.6374892
      ],
      [
       -70.2823989,
       43.6375075
      ],
      [
       -70.2823855,
       43.6375235
      ],
      [
       -70.2823658,
       43.6375357
      ],
      [
       -70.2823402,
       43.637543
      ],
      [
       -70.2823127,
       43.6375437
      ],
      [
       -70.2822865,
       43.6375377
      ],
      [
       -70.2822645,
       43.6375258
      ],
      [
       -70.2822493,
       43.6375092
      ],
      [
       -70.2822426,
       43.6374899
      ],
      [
       -70.2822452,
       43.6374701
      ],
      [
       -70.2822567,
       43.6374521
      ],
      [
       -70.2822759,
       43.6374379
      ],
      [
       -70.2823005,
       43.6374291
      ],
      [
       -70.2823262,
       43.6374267
      ],
      [
       -70.2823517,
       43.6374303
      ],
      [
       -70.2823743,
       43.6374395
      ],
      [
       -70.2823917,
       43.6374534
      ],
      [
       -70.2824022,
       43.6374705
      ],
      [
       -70.2824047,
       43.6374892
      ]
     ]
    ]
   },
   "properties": {
    "osm_way_id": 569685206,
    "structure_type": "storage_tank",
    "name": "",
    "farm_id": "buckeye",
    "used_in_analysis": "Y",
    "contains_tanks": 1
   }
  },
  {
   "type": "Feature",
   "geometry": {
    "type": "Polygon",
    "coordinates": [
     [
      [
       -70.2822045,
       43.6373583
      ],
      [
       -70.2822148,
       43.6373756
      ],
      [
       -70.2822167,
       43.6373944
      ],
      [
       -70.28221,
       43.6374127
      ],
      [
       -70.2821954,
       43.6374283
      ],
      [
       -70.2821747,
       43.6374397
      ],
      [
       -70.2821501,
       43.6374455
      ],
      [
       -70.2821243,
       43.6374452
      ],
      [
       -70.2821,
       43.637439
      ],
      [
       -70.2820798,
       43.6374274
      ],
      [
       -70.2820658,
       43.6374116
      ],
      [
       -70.2820596,
       43.6373935
      ],
      [
       -70.2820619,
       43.6373749
      ],
      [
       -70.2820724,
       43.6373578
      ],
      [
       -70.2820899,
       43.6373441
      ],
      [
       -70.2821128,
       43.6373351
      ],
      [
       -70.2821385,
       43.6373321
      ],
      [
       -70.2821642,
       43.6373353
      ],
      [
       -70.282187,
       43.6373444
      ],
      [
       -70.2822045,
       43.6373583
      ]
     ]
    ]
   },
   "properties": {
    "osm_way_id": 569685207,
    "structure_type": "storage_tank",
    "name": "",
    "farm_id": "buckeye",
    "used_in_analysis": "Y",
    "contains_tanks": 1
   }
  },
  {
   "type": "Feature",
   "geometry": {
    "type": "Polygon",
    "coordinates": [
     [
      [
       -70.2822753,
       43.6376261
      ],
      [
       -70.2822706,
       43.6376443
      ],
      [
       -70.2822581,
       43.6376604
      ],
      [
       -70.2822389,
       43.6376726
      ],
      [
       -70.2822155,
       43.6376796
      ],
      [
       -70.2821904,
       43.6376808
      ],
      [
       -70.282166,
       43.637676
      ],
      [
       -70.2821451,
       43.6376658
      ],
      [
       -70.2821298,
       43.6376512
      ],
      [
       -70.2821219,
       43.6376339
      ],
      [
       -70.2821221,
       43.6376156
      ],
      [
       -70.2821305,
       43.6375984
      ],
      [
       -70.282146,
       43.637584
      ],
      [
       -70.2821672,
       43.637574
      ],
      [
       -70.282192,
       43.6375695
      ],
      [
       -70.2822175,
       43.6375711
      ],
      [
       -70.2822409,
       43.6375787
      ],
      [
       -70.2822595,
       43.6375914
      ],
      [
       -70.2822714,
       43.6376078
      ],
      [
       -70.2822753,
       43.6376261
      ]
     ]
    ]
   },
   "properties": {
    "osm_way_id": 569685208,
    "structure_type": "storage_tank",
    "name": "",
    "farm_id": "buckeye",
    "used_in_analysis": "Y",
    "contains_tanks": 1
   }
  },
  {
   "type": "Feature",
   "geometry": {
    "type": "Polygon",
    "coordinates": [
     [
      [
       -70.28206,
       43.6374882
      ],
      [
       -70.2820753,
       43.6375021
      ],
      [
       -70.2820839,
       43.6375188
      ],
      [
       -70.2820849,
       43.6375366
      ],
      [
       -70.2820781,
       43.6375537
      ],
      [
       -70.2820643,
       43.6375684
      ],
      [
       -70.2820429,
       43.6375801
      ],
      [
       -70.2820173,
       43.6375858
      ],
      [
       -70.2819905,
       43.6375848
      ],
      [
       -70.2819658,
       43.6375774
      ],
      [
       -70.281946,
       43.6375644
      ],
      [
       -70.2819335,
       43.6375472
      ],
      [
       -70.2819297,
       43.637528
      ],
      [
       -70.2819351,
       43.6375091
      ],
      [
       -70.2819491,
       43.6374925
      ],
      [
       -70.2819681,
       43.6374812
      ],
      [
       -70.2819911,
       43.6374747
      ],
      [
       -70.2820156,
       43.6374738
      ],
      [
       -70.2820394,
       43.6374784
      ],
      [
       -70.28206,
       43.6374882
      ]
     ]
    ]
   },
   "properties": {
    "osm_way_id": 569685209,
    "structure_type": "storage_tank",
    "name": "",
    "farm_id": "buckeye",
    "used_in_analysis": "Y",
    "contains_tanks": 1
   }
  },
  {
   "type": "Feature",
   "geometry": {
    "type": "Polygon",
    "coordinates": [
     [
      [
       -70.2877872,
       43.6392587
      ],
      [
       -70.2877493,
       43.6392805
      ],
      [
       -70.2877039,
       43.6392926
      ],
      [
       -70.287651,
       43.6392936
      ],
      [
       -70.2876008,
       43.6392816
      ],
      [
       -70.2875591,
       43.639258
      ],
      [
       -70.2875309,
       43.6392256
      ],
      [
       -70.2875195,
       43.6391883
      ],
      [
       -70.2875261,
       43.6391503
      ],
      [
       -70.2875502,
       43.6391162
      ],
      [
       -70.2875887,
       43.6390899
      ],
      [
       -70.2876372,
       43.6390747
      ],
      [
       -70.28769,
       43.6390722
      ],
      [
       -70.2877368,
       43.6390813
      ],
      [
       -70.2877773,
       43.6391005
      ],
      [
       -70.2878076,
       43.6391279
      ],
      [
       -70.2878247,
       43.6391607
      ],
      [
       -70.2878269,
       43.6391957
      ],
      [
       -70.287814,
       43.6392295
      ],
      [
       -70.2877872,
       43.6392587
      ]
     ]
    ]
   },
   "properties": {
    "osm_way_id": 569685740,
    "structure_type": "storage_tank",
    "name": "",
    "farm_id": "sprague",
    "used_in_analysis": "Y",
    "contains_tanks": 1
   }
  },
  {
   "type": "Feature",
   "geometry": {
    "type": "Polygon",
    "coordinates": [
     [
      [
       -70.2868341,
       43.6388853
      ],
      [
       -70.2867976,
       43.6388947
      ],
      [
       -70.2867588,
       43.6388949
      ],
      [
       -70.2867221,
       43.6388859
      ],
      [
       -70.2866921,
       43.6388691
      ],
      [
       -70.2866712,
       43.6388463
      ],
      [
       -70.2866615,
       43.6388198
      ],
      [
       -70.286664,
       43.6387925
      ],
      [
       -70.2866785,
       43.6387672
      ],
      [
       -70.2867035,
       43.6387466
      ],
      [
       -70.2867362,
       43.6387329
      ],
      [
       -70.2867733,
       43.6387275
      ],
      [
       -70.2868109,
       43.638731
      ],
      [
       -70.2868457,
       43.6387434
      ],
      [
       -70.2868729,
       43.6387634
      ],
      [
       -70.2868895,
       43.6387887
      ],
      [
       -70.2868937,
       43.6388166
      ],
      [
       -70.286885,
       43.638844
      ],
      [
       -70.2868644,
       43.6388678
      ],
      [
       -70.2868341,
       43.6388853
      ]
     ]
    ]
   },
   "properties": {
    "osm_way_id": 569686072,
    "structure_type": "storage_tank",
    "name": "",
    "farm_id": "sprague",
    "used_in_analysis": "Y",
    "contains_tanks": 1
   }
  },
  {
   "type": "Feature",
   "geometry": {
    "type": "Polygon",
    "coordinates": [
     [
      [
       -70.2864327,
       43.6388716
      ],
      [
       -70.2864095,
       43.6388925
      ],
      [
       -70.2863786,
       43.6389072
      ],
      [
       -70.2863388,
       43.6389147
      ],
      [
       -70.2862978,
       43.6389119
      ],
      [
       -70.2862607,
       43.6388991
      ],
      [
       -70.2862317,
       43.638878
      ],
      [
       -70.2862144,
       43.638851
      ],
      [
       -70.2862108,
       43.6388214
      ],
      [
       -70.2862214,
       43.6387926
      ],
      [
       -70.2862449,
       43.6387682
      ],
      [
       -70.2862784,
       43.638751
      ],
      [
       -70.2863181,
       43.6387431
      ],
      [
       -70.286355,
       43.6387447
      ],
      [
       -70.2863895,
       43.6387545
      ],
      [
       -70.2864181,
       43.6387714
      ],
      [
       -70.2864382,
       43.6387939
      ],
      [
       -70.2864477,
       43.6388198
      ],
      [
       -70.2864458,
       43.6388466
      ],
      [
       -70.2864327,
       43.6388716
      ]
     ]
    ]
   },
   "properties": {
    "osm_way_id": 569686249,
    "structure_type": "storage_tank",
    "name": "",
    "farm_id": "sprague",
    "used_in_analysis": "Y",
    "contains_tanks": 1
   }
  },
  {
   "type": "Feature",
   "geometry": {
    "type": "Polygon",
    "coordinates": [
     [
      [
       -70.2863194,
       43.6389911
      ],
      [
       -70.2863192,
       43.6390082
      ],
      [
       -70.2863113,
       43.6390243
      ],
      [
       -70.2862966,
       43.6390377
      ],
      [
       -70.2862767,
       43.6390468
      ],
      [
       -70.286254,
       43.6390508
      ],
      [
       -70.2862307,
       43.6390492
      ],
      [
       -70.2862094,
       43.6390423
      ],
      [
       -70.2861923,
       43.6390308
      ],
      [
       -70.2861813,
       43.6390159
      ],
      [
       -70.2861775,
       43.6389992
      ],
      [
       -70.2861814,
       43.6389825
      ],
      [
       -70.2861925,
       43.6389676
      ],
      [
       -70.2862096,
       43.6389561
      ],
      [
       -70.2862312,
       43.6389492
      ],
      [
       -70.2862548,
       43.6389478
      ],
      [
       -70.2862777,
       43.638952
      ],
      [
       -70.2862974,
       43.6389614
      ],
      [
       -70.2863118,
       43.6389749
      ],
      [
       -70.2863194,
       43.6389911
      ]
     ]
    ]
   },
   "properties": {
    "osm_way_id": 569686458,
    "structure_type": "storage_tank",
    "name": "",
    "farm_id": "sprague",
    "used_in_analysis": "Y",
    "contains_tanks": 1
   }
  },
  {
   "type": "Feature",
   "geometry": {
    "type": "Polygon",
    "coordinates": [
     [
      [
       -70.2868988,
       43.6391895
      ],
      [
       -70.2868711,
       43.6392086
      ],
      [
       -70.2868361,
       43.6392203
      ],
      [
       -70.2867977,
       43.6392231
      ],
      [
       -70.2867601,
       43.6392167
      ],
      [
       -70.2867275,
       43.6392017
      ],
      [
       -70.2867034,
       43.6391799
      ],
      [
       -70.2866905,
       43.6391537
      ],
      [
       -70.28669,
       43.6391257
      ],
      [
       -70.2867022,
       43.6390993
      ],
      [
       -70.2867256,
       43.6390771
      ],
      [
       -70.2867577,
       43.6390616
      ],
      [
       -70.2867948,
       43.6390546
      ],
      [
       -70.286833,
       43.6390566
      ],
      [
       -70.2868682,
       43.6390675
      ],
      [
       -70.2868967,
       43.639086
      ],
      [
       -70.2869153,
       43.6391102
      ],
      [
       -70.2869222,
       43.6391375
      ],
      [
       -70.2869165,
       43.6391649
      ],
      [
       -70.2868988,
       43.6391895
      ]
     ]
    ]
   },
   "properties": {
    "osm_way_id": 569686579,
    "structure_type": "storage_tank",
    "name": "",
    "farm_id": "sprague",
    "used_in_analysis": "Y",
    "contains_tanks": 1
   }
  },
  {
   "type": "Feature",
   "geometry": {
    "type": "Polygon",
    "coordinates": [
     [
      [
       -70.2863483,
       43.6392424
      ],
      [
       -70.2863131,
       43.6392391
      ],
      [
       -70.286281,
       43.6392279
      ],
      [
       -70.2862555,
       43.63921
      ],
      [
       -70.286239,
       43.6391872
      ],
      [
       -70.2862332,
       43.6391618
      ],
      [
       -70.2862387,
       43.6391363
      ],
      [
       -70.2862551,
       43.6391135
      ],
      [
       -70.2862805,
       43.6390954
      ],
      [
       -70.2863124,
       43.6390841
      ],
      [
       -70.2863477,
       43.6390806
      ],
      [
       -70.2863826,
       43.6390853
      ],
      [
       -70.2864162,
       43.639099
      ],
      [
       -70.2864412,
       43.6391202
      ],
      [
       -70.2864549,
       43.6391463
      ],
      [
       -70.2864556,
       43.6391742
      ],
      [
       -70.2864431,
       43.6392005
      ],
      [
       -70.286419,
       43.6392223
      ],
      [
       -70.2863861,
       43.6392368
      ],
      [
       -70.2863483,
       43.6392424
      ]
     ]
    ]
   },
   "properties": {
    "osm_way_id": 569686709,
    "structure_type": "storage_tank",
    "name": "",
    "farm_id": "sprague",
    "used_in_analysis": "Y",
    "contains_tanks": 1
   }
  },
  {
   "type": "Feature",
   "geometry": {
    "type": "Polygon",
    "coordinates": [
     [
      [
       -70.2869508,
       43.6394275
      ],
      [
       -70.2869493,
       43.639442
      ],
      [
       -70.2869412,
       43.6394553
      ],
      [
       -70.2869275,
       43.639466
      ],
      [
       -70.2869106,
       43.6394724
      ],
      [
       -70.2868919,
       43.6394747
      ],
      [
       -70.2868731,
       43.6394725
      ],
      [
       -70.2868562,
       43.6394661
      ],
      [
       -70.2868429,
       43.6394562
      ],
      [
       -70.2868347,
       43.6394438
      ],
      [
       -70.2868323,
       43.6394302
      ],
      [
       -70.286836,
       43.6394166
      ],
      [
       -70.2868454,
       43.6394047
      ],
      [
       -70.2868596,
       43.6393955
      ],
      [
       -70.2868781,
       43.6393898
      ],
      [
       -70.2868982,
       43.6393889
      ],
      [
       -70.2869176,
       43.639393
      ],
      [
       -70.2869339,
       43.6394015
      ],
      [
       -70.2869454,
       43.6394134
      ],
      [
       -70.2869508,
       43.6394275
      ]
     ]
    ]
   },
   "properties": {
    "osm_way_id": 569686891,
    "structure_type": "storage_tank",
    "name": "",
    "farm_id": "sprague",
    "used_in_analysis": "Y",
    "contains_tanks": 1
   }
  },
  {
   "type": "Feature",
   "geometry": {
    "type": "Polygon",
    "coordinates": [
     [
      [
       -70.2358205,
       43.6518126
      ],
      [
       -70.2361288,
       43.6516447
      ],
      [
       -70.2364335,
       43.6514681
      ],
      [
       -70.2367639,
       43.6512772
      ],
      [
       -70.2370406,
       43.6511167
      ],
      [
       -70.2373558,
       43.6509393
      ],
      [
       -70.2375987,
       43.6507923
      ],
      [
       -70.2374866,
       43.650696
      ],
      [
       -70.2384034,
       43.6501012
      ],
      [
       -70.2385152,
       43.6501368
      ],
      [
       -70.2386036,
       43.6499969
      ],
      [
       -70.2390333,
       43.6501185
      ],
      [
       -70.2392811,
       43.6501707
      ],
      [
       -70.2392563,
       43.6502168
      ],
      [
       -70.2392061,
       43.6503224
      ],
      [
       -70.2392974,
       43.6504703
      ],
      [
       -70.2393659,
       43.6506058
      ],
      [
       -70.2394546,
       43.6507574
      ],
      [
       -70.2395002,
       43.6508465
      ],
      [
       -70.2395965,
       43.650939
      ],
      [
       -70.2397704,
       43.6511037
      ],
      [
       -70.2398936,
       43.6512229
      ],
      [
       -70.2400034,
       43.6513293
      ],
      [
       -70.2400921,
       43.6514159
      ],
      [
       -70.2402059,
       43.6515244
      ],
      [
       -70.2403044,
       43.6516227
      ],
      [
       -70.2403962,
       43.6516451
      ],
      [
       -70.2404277,
       43.651649
      ],
      [
       -70.2405012,
       43.6518137
      ],
      [
       -70.2404886,
       43.6518742
      ],
      [
       -70.2402951,
       43.6523335
      ],
      [
       -70.2399443,
       43.6525838
      ],
      [
       -70.23984,
       43.6526903
      ],
      [
       -70.2398525,
       43.6527379
      ],
      [
       -70.2397961,
       43.6527725
      ],
      [
       -70.2397411,
       43.6528018
      ],
      [
       -70.2397276,
       43.6528028
      ],
      [
       -70.2397034,
       43.6527957
      ],
      [
       -70.2396732,
       43.6527752
      ],
      [
       -70.2396462,
       43.6527558
      ],
      [
       -70.2396172,
       43.652732
      ],
      [
       -70.2394061,
       43.6525362
      ],
      [
       -70.2393824,
       43.6525142
      ],
      [
       -70.2393702,
       43.6525026
      ],
      [
       -70.2392848,
       43.6524279
      ],
      [
       -70.2387521,
       43.6525422
      ],
      [
       -70.2382371,
       43.6528197
      ],
      [
       -70.2377774,
       43.6531706
      ],
      [
       -70.2378232,
       43.6532193
      ],
      [
       -70.2380162,
       43.6534246
      ],
      [
       -70.2380283,
       43.6534534
      ],
      [
       -70.2380364,
       43.6534921
      ],
      [
       -70.2380359,
       43.6535262
      ],
      [
       -70.2380306,
       43.6535557
      ],
      [
       -70.2380034,
       43.6536086
      ],
      [
       -70.2379673,
       43.6535976
      ],
      [
       -70.2378699,
       43.6536888
      ],
      [
       -70.2374737,
       43.6533179
      ],
      [
       -70.2358205,
       43.6518126
      ]
     ]
    ]
   },
   "properties": {
    "osm_way_id": 1354720144,
    "structure_type": "industrial_parcel",
    "name": "Gulf Oil Limited Partnership",
    "farm_id": "gulf_sunoco",
    "used_in_analysis": "Y",
    "contains_tanks": 9
   }
  },
  {
   "type": "Feature",
   "geometry": {
    "type": "Polygon",
    "coordinates": [
     [
      [
       -70.2380518,
       43.6494811
      ],
      [
       -70.237887,
       43.6490968
      ],
      [
       -70.2378179,
       43.6489344
      ],
      [
       -70.2377023,
       43.6486627
      ],
      [
       -70.2376554,
       43.6485526
      ],
      [
       -70.237588,
       43.6483943
      ],
      [
       -70.2375272,
       43.6482913
      ],
      [
       -70.2374918,
       43.6482312
      ],
      [
       -70.2374351,
       43.6481352
      ],
      [
       -70.2373731,
       43.6480302
      ],
      [
       -70.2373256,
       43.6479497
      ],
      [
       -70.2372651,
       43.6478516
      ],
      [
       -70.2372126,
       43.6477678
      ],
      [
       -70.2371749,
       43.6477078
      ],
      [
       -70.2371277,
       43.6476325
      ],
      [
       -70.2370589,
       43.6475227
      ],
      [
       -70.2369903,
       43.6474133
      ],
      [
       -70.2369518,
       43.647352
      ],
      [
       -70.2368854,
       43.647246
      ],
      [
       -70.2367818,
       43.6470808
      ],
      [
       -70.2367027,
       43.6469547
      ],
      [
       -70.2366437,
       43.6468556
      ],
      [
       -70.2366055,
       43.6467903
      ],
      [
       -70.2366048,
       43.6467402
      ],
      [
       -70.2366124,
       43.6466454
      ],
      [
       -70.236644,
       43.6465835
      ],
      [
       -70.2367185,
       43.6464746
      ],
      [
       -70.2368069,
       43.6463369
      ],
      [
       -70.2368428,
       43.6462809
      ],
      [
       -70.2369043,
       43.646185
      ],
      [
       -70.2362719,
       43.645964
      ],
      [
       -70.2361186,
       43.6459046
      ],
      [
       -70.235954,
       43.6459972
      ],
      [
       -70.2350998,
       43.6453148
      ],
      [
       -70.2341594,
       43.6460123
      ],
      [
       -70.2337363,
       43.6463337
      ],
      [
       -70.233543,
       43.6465
      ],
      [
       -70.2333889,
       43.6466626
      ],
      [
       -70.2332844,
       43.6467835
      ],
      [
       -70.2330676,
       43.6470576
      ],
      [
       -70.2330024,
       43.6471182
      ],
      [
       -70.2347859,
       43.6478184
      ],
      [
       -70.2345264,
       43.6481528
      ],
      [
       -70.2346019,
       43.6481808
      ],
      [
       -70.2347055,
       43.6482189
      ],
      [
       -70.2347634,
       43.648242
      ],
      [
       -70.2352339,
       43.6484285
      ],
      [
       -70.2356564,
       43.6486029
      ],
      [
       -70.2359017,
       43.6487008
      ],
      [
       -70.2361328,
       43.6487883
      ],
      [
       -70.2363169,
       43.6488632
      ],
      [
       -70.2365237,
       43.6489449
      ],
      [
       -70.236615,
       43.6489808
      ],
      [
       -70.2368919,
       43.6490909
      ],
      [
       -70.2372501,
       43.6492341
      ],
      [
       -70.2376464,
       43.6493896
      ],
      [
       -70.2378285,
       43.649461
      ],
      [
       -70.2379191,
       43.6495008
      ],
      [
       -70.2380359,
       43.6494851
      ],
      [
       -70.2380518,
       43.6494811
      ]
     ]
    ]
   },
   "properties": {
    "osm_way_id": 1354720148,
    "structure_type": "industrial_parcel",
    "name": "Portland Pipe Line Corporation",
    "farm_id": "gulf_sunoco",
    "used_in_analysis": "Y",
    "contains_tanks": 2
   }
  },
  {
   "type": "Feature",
   "geometry": {
    "type": "Polygon",
    "coordinates": [
     [
      [
       -70.2335178,
       43.6511183
      ],
      [
       -70.2336872,
       43.6506467
      ],
      [
       -70.2322024,
       43.6503727
      ],
      [
       -70.2320572,
       43.6506133
      ],
      [
       -70.2320415,
       43.6506393
      ],
      [
       -70.2320249,
       43.650666
      ],
      [
       -70.2320394,
       43.6506706
      ],
      [
       -70.2320603,
       43.6506772
      ],
      [
       -70.2320823,
       43.6506842
      ],
      [
       -70.2321224,
       43.6506969
      ],
      [
       -70.2323052,
       43.6507549
      ],
      [
       -70.2322948,
       43.6507721
      ],
      [
       -70.2326494,
       43.6508795
      ],
      [
       -70.2327223,
       43.6509344
      ],
      [
       -70.2327375,
       43.6508989
      ],
      [
       -70.2335178,
       43.6511183
      ]
     ]
    ]
   },
   "properties": {
    "osm_way_id": 1354720149,
    "structure_type": "industrial_parcel",
    "name": "Portland Pipe Line Corporation",
    "farm_id": "gulf_sunoco",
    "used_in_analysis": "Y",
    "contains_tanks": 0
   }
  },
  {
   "type": "Feature",
   "geometry": {
    "type": "Polygon",
    "coordinates": [
     [
      [
       -70.2283252,
       43.6551569
      ],
      [
       -70.2282595,
       43.6551492
      ],
      [
       -70.2281803,
       43.6552213
      ],
      [
       -70.228149,
       43.6552044
      ],
      [
       -70.228118,
       43.6552326
      ],
      [
       -70.2280996,
       43.6552791
      ],
      [
       -70.2281163,
       43.6553252
      ],
      [
       -70.2281729,
       43.6553574
      ],
      [
       -70.2282429,
       43.655358
      ],
      [
       -70.2283022,
       43.655333
      ],
      [
       -70.2283266,
       43.6553086
      ],
      [
       -70.2282955,
       43.6552905
      ],
      [
       -70.2283804,
       43.6552185
      ],
      [
       -70.2283518,
       43.6551726
      ],
      [
       -70.2283252,
       43.6551569
      ]
     ]
    ]
   },
   "properties": {
    "osm_way_id": 1546506039,
    "structure_type": "industrial_parcel",
    "name": "",
    "farm_id": "gulf_sunoco",
    "used_in_analysis": "Y",
    "contains_tanks": 0
   }
  },
  {
   "type": "Feature",
   "geometry": {
    "type": "Polygon",
    "coordinates": [
     [
      [
       -70.2296223,
       43.6540294
      ],
      [
       -70.2300192,
       43.6536735
      ],
      [
       -70.2299993,
       43.6536618
      ],
      [
       -70.2300894,
       43.6535813
      ],
      [
       -70.2301086,
       43.6535926
      ],
      [
       -70.2304757,
       43.6532604
      ],
      [
       -70.2304564,
       43.6532494
      ],
      [
       -70.2305271,
       43.6531843
      ],
      [
       -70.2305488,
       43.6531966
      ],
      [
       -70.2305554,
       43.6531913
      ],
      [
       -70.2306716,
       43.6530854
      ],
      [
       -70.2307675,
       43.6529267
      ],
      [
       -70.2307227,
       43.6529109
      ],
      [
       -70.2306292,
       43.6530668
      ],
      [
       -70.2305092,
       43.6531766
      ],
      [
       -70.2295873,
       43.6540102
      ],
      [
       -70.2296223,
       43.6540294
      ]
     ]
    ]
   },
   "properties": {
    "osm_way_id": 1546506040,
    "structure_type": "industrial_parcel",
    "name": "Pier No. 2",
    "farm_id": "gulf_sunoco",
    "used_in_analysis": "Y",
    "contains_tanks": 0
   }
  },
  {
   "type": "Feature",
   "geometry": {
    "type": "Polygon",
    "coordinates": [
     [
      [
       -70.2288916,
       43.6546851
      ],
      [
       -70.229078,
       43.6545151
      ],
      [
       -70.2290549,
       43.6545017
      ],
      [
       -70.2288653,
       43.6546702
      ],
      [
       -70.2288916,
       43.6546851
      ]
     ]
    ]
   },
   "properties": {
    "osm_way_id": 1546506041,
    "structure_type": "industrial_parcel",
    "name": "",
    "farm_id": "gulf_sunoco",
    "used_in_analysis": "Y",
    "contains_tanks": 0
   }
  },
  {
   "type": "Feature",
   "geometry": {
    "type": "Polygon",
    "coordinates": [
     [
      [
       -70.2288056,
       43.6547621
      ],
      [
       -70.2287807,
       43.6547476
      ],
      [
       -70.2285939,
       43.6549167
      ],
      [
       -70.2286178,
       43.6549306
      ],
      [
       -70.2288056,
       43.6547621
      ]
     ]
    ]
   },
   "properties": {
    "osm_way_id": 1546506042,
    "structure_type": "industrial_parcel",
    "name": "",
    "farm_id": "gulf_sunoco",
    "used_in_analysis": "Y",
    "contains_tanks": 0
   }
  },
  {
   "type": "Feature",
   "geometry": {
    "type": "Polygon",
    "coordinates": [
     [
      [
       -70.2283518,
       43.6551726
      ],
      [
       -70.2285332,
       43.6550081
      ],
      [
       -70.2285084,
       43.6549939
      ],
      [
       -70.2283252,
       43.6551569
      ],
      [
       -70.2283518,
       43.6551726
      ]
     ]
    ]
   },
   "properties": {
    "osm_way_id": 1546506043,
    "structure_type": "industrial_parcel",
    "name": "",
    "farm_id": "gulf_sunoco",
    "used_in_analysis": "Y",
    "contains_tanks": 0
   }
  },
  {
   "type": "Feature",
   "geometry": {
    "type": "Polygon",
    "coordinates": [
     [
      [
       -70.2414089,
       43.6515236
      ],
      [
       -70.2413766,
       43.6514943
      ],
      [
       -70.2412164,
       43.6513487
      ],
      [
       -70.241146,
       43.6512847
      ],
      [
       -70.2410955,
       43.6511895
      ],
      [
       -70.2410327,
       43.6512277
      ],
      [
       -70.2410647,
       43.6512555
      ],
      [
       -70.2411703,
       43.6513523
      ],
      [
       -70.2413664,
       43.651532
      ],
      [
       -70.2413782,
       43.6515428
      ],
      [
       -70.2414089,
       43.6515236
      ]
     ]
    ]
   },
   "properties": {
    "osm_way_id": 1546515681,
    "structure_type": "industrial_parcel",
    "name": "Portland Pipe Line Corp.",
    "farm_id": "gulf_sunoco",
    "used_in_analysis": "Y",
    "contains_tanks": 0
   }
  },
  {
   "type": "Feature",
   "geometry": {
    "type": "Polygon",
    "coordinates": [
     [
      [
       -70.2414804,
       43.6515862
      ],
      [
       -70.2420765,
       43.6521364
      ],
      [
       -70.2420432,
       43.6521547
      ],
      [
       -70.2414467,
       43.6516049
      ],
      [
       -70.2414804,
       43.6515862
      ]
     ]
    ]
   },
   "properties": {
    "osm_way_id": 1546515682,
    "structure_type": "industrial_parcel",
    "name": "Portland Pipe Line Corp.",
    "farm_id": "gulf_sunoco",
    "used_in_analysis": "Y",
    "contains_tanks": 0
   }
  },
  {
   "type": "Feature",
   "geometry": {
    "type": "Polygon",
    "coordinates": [
     [
      [
       -70.2426238,
       43.6526412
      ],
      [
       -70.2430355,
       43.6530225
      ],
      [
       -70.243027,
       43.6530255
      ],
      [
       -70.2430168,
       43.653033
      ],
      [
       -70.2426018,
       43.6526557
      ],
      [
       -70.2426238,
       43.6526412
      ]
     ]
    ]
   },
   "properties": {
    "osm_way_id": 1546515683,
    "structure_type": "industrial_parcel",
    "name": "Portland Pipe Line Corp.",
    "farm_id": "gulf_sunoco",
    "used_in_analysis": "Y",
    "contains_tanks": 0
   }
  },
  {
   "type": "Feature",
   "geometry": {
    "type": "Polygon",
    "coordinates": [
     [
      [
       -70.2507016,
       43.6564334
      ],
      [
       -70.2506127,
       43.6563658
      ],
      [
       -70.2506663,
       43.6563272
      ],
      [
       -70.2498657,
       43.6557457
      ],
      [
       -70.2498825,
       43.6557323
      ],
      [
       -70.2498606,
       43.6557178
      ],
      [
       -70.2498559,
       43.6557216
      ],
      [
       -70.2498447,
       43.6557304
      ],
      [
       -70.2494883,
       43.6554716
      ],
      [
       -70.2490607,
       43.6551613
      ],
      [
       -70.2490493,
       43.6551696
      ],
      [
       -70.2488778,
       43.6552945
      ],
      [
       -70.2486423,
       43.6554928
      ],
      [
       -70.2491979,
       43.6558982
      ],
      [
       -70.2492919,
       43.6559664
      ],
      [
       -70.2493102,
       43.6559508
      ],
      [
       -70.2493274,
       43.6559625
      ],
      [
       -70.2493649,
       43.6559333
      ],
      [
       -70.2493733,
       43.6559268
      ],
      [
       -70.2495668,
       43.6560571
      ],
      [
       -70.2494908,
       43.6561162
      ],
      [
       -70.2502341,
       43.6566563
      ],
      [
       -70.2502216,
       43.656665
      ],
      [
       -70.2502154,
       43.6566693
      ],
      [
       -70.2502313,
       43.6566812
      ],
      [
       -70.249975,
       43.6568777
      ],
      [
       -70.2500425,
       43.6569218
      ],
      [
       -70.250308,
       43.6567123
      ],
      [
       -70.2506436,
       43.6564764
      ],
      [
       -70.2507016,
       43.6564334
      ]
     ]
    ]
   },
   "properties": {
    "osm_way_id": 30594024,
    "structure_type": "industrial_parcel",
    "name": "Custom House Wharf",
    "farm_id": "",
    "used_in_analysis": "N",
    "exclusion_reason": "pier/wharf (no tanks)"
   }
  },
  {
   "type": "Feature",
   "geometry": {
    "type": "Polygon",
    "coordinates": [
     [
      [
       -70.2524052,
       43.6540686
      ],
      [
       -70.2525667,
       43.6538879
      ],
      [
       -70.251453,
       43.6527293
      ],
      [
       -70.2512503,
       43.6528356
      ],
      [
       -70.2521584,
       43.6537843
      ],
      [
       -70.2524052,
       43.6540686
      ]
     ]
    ]
   },
   "properties": {
    "osm_way_id": 325259943,
    "structure_type": "industrial_parcel",
    "name": "Widgery Wharf",
    "farm_id": "",
    "used_in_analysis": "N",
    "exclusion_reason": "pier/wharf (no tanks)"
   }
  },
  {
   "type": "Feature",
   "geometry": {
    "type": "Polygon",
    "coordinates": [
     [
      [
       -70.2623293,
       43.6439618
      ],
      [
       -70.2624232,
       43.644152
      ],
      [
       -70.2634209,
       43.6448818
      ],
      [
       -70.2637455,
       43.6448653
      ],
      [
       -70.2639882,
       43.6448517
      ],
      [
       -70.264243,
       43.644809
      ],
      [
       -70.2644992,
       43.6447489
      ],
      [
       -70.2646333,
       43.6447081
      ],
      [
       -70.2648774,
       43.6445955
      ],
      [
       -70.2652878,
       43.6444519
      ],
      [
       -70.265503,
       43.6443669
      ],
      [
       -70.2657364,
       43.6442737
      ],
      [
       -70.2659003,
       43.6442144
      ],
      [
       -70.2661534,
       43.6441221
      ],
      [
       -70.2667827,
       43.6438478
      ],
      [
       -70.2674166,
       43.6435902
      ],
      [
       -70.2692869,
       43.6431544
      ],
      [
       -70.2692333,
       43.6430175
      ],
      [
       -70.2674215,
       43.6431941
      ],
      [
       -70.2667335,
       43.6432582
      ],
      [
       -70.2653307,
       43.6435057
      ],
      [
       -70.2653508,
       43.6435416
      ],
      [
       -70.2639373,
       43.643792
      ],
      [
       -70.2634746,
       43.6437153
      ],
      [
       -70.2626404,
       43.6438638
      ],
      [
       -70.2623293,
       43.6439618
      ]
     ]
    ]
   },
   "properties": {
    "osm_way_id": 846592712,
    "structure_type": "industrial_parcel",
    "name": "",
    "farm_id": "",
    "used_in_analysis": "N",
    "exclusion_reason": "industrial parcel with no mapped tanks or oil tag"
   }
  },
  {
   "type": "Feature",
   "geometry": {
    "type": "Polygon",
    "coordinates": [
     [
      [
       -70.2479718,
       43.6456047
      ],
      [
       -70.2481506,
       43.6455002
      ],
      [
       -70.2483612,
       43.645368
      ],
      [
       -70.2478968,
       43.6449799
      ],
      [
       -70.2474468,
       43.6445968
      ],
      [
       -70.2473395,
       43.6445055
      ],
      [
       -70.2472043,
       43.6445949
      ],
      [
       -70.2472826,
       43.6446609
      ],
      [
       -70.2474073,
       43.6447649
      ],
      [
       -70.2475234,
       43.6448629
      ],
      [
       -70.2471171,
       43.6451204
      ],
      [
       -70.2471949,
       43.6451815
      ],
      [
       -70.247438,
       43.6453722
      ],
      [
       -70.247516,
       43.6454335
      ],
      [
       -70.2475502,
       43.6454603
      ],
      [
       -70.2476734,
       43.6455404
      ],
      [
       -70.24778,
       43.6456306
      ],
      [
       -70.2478073,
       43.645652
      ],
      [
       -70.2479362,
       43.6455739
      ],
      [
       -70.2479718,
       43.6456047
      ]
     ]
    ]
   },
   "properties": {
    "osm_way_id": 864502880,
    "structure_type": "industrial_parcel",
    "name": "Buoy Yard",
    "farm_id": "",
    "used_in_analysis": "N",
    "exclusion_reason": "buoy yard (no tanks)"
   }
  },
  {
   "type": "Feature",
   "geometry": {
    "type": "Polygon",
    "coordinates": [
     [
      [
       -70.2535319,
       43.6523722
      ],
      [
       -70.2532102,
       43.6521611
      ],
      [
       -70.2531752,
       43.652189
      ],
      [
       -70.2527239,
       43.6518929
      ],
      [
       -70.2526499,
       43.6519518
      ],
      [
       -70.2534229,
       43.6524591
      ],
      [
       -70.2535319,
       43.6523722
      ]
     ]
    ]
   },
   "properties": {
    "osm_way_id": 1125182452,
    "structure_type": "industrial_parcel",
    "name": "",
    "farm_id": "",
    "used_in_analysis": "N",
    "exclusion_reason": "pier/wharf (no tanks)"
   }
  },
  {
   "type": "Feature",
   "geometry": {
    "type": "Polygon",
    "coordinates": [
     [
      [
       -70.2378699,
       43.6536888
      ],
      [
       -70.2377578,
       43.6538369
      ],
      [
       -70.2371422,
       43.6542014
      ],
      [
       -70.2370917,
       43.6542314
      ],
      [
       -70.2370701,
       43.6542428
      ],
      [
       -70.2369618,
       43.6543002
      ],
      [
       -70.2366532,
       43.6543113
      ],
      [
       -70.2365489,
       43.6542211
      ],
      [
       -70.2364345,
       43.654122
      ],
      [
       -70.2363527,
       43.6540513
      ],
      [
       -70.2362635,
       43.6539741
      ],
      [
       -70.2361009,
       43.653828
      ],
      [
       -70.2359648,
       43.6537015
      ],
      [
       -70.2356281,
       43.6533884
      ],
      [
       -70.2353484,
       43.6531283
      ],
      [
       -70.23519,
       43.652981
      ],
      [
       -70.2351733,
       43.6529653
      ],
      [
       -70.2350936,
       43.6528901
      ],
      [
       -70.2350243,
       43.6528246
      ],
      [
       -70.2349262,
       43.6527318
      ],
      [
       -70.2350707,
       43.6526445
      ],
      [
       -70.2349921,
       43.6525713
      ],
      [
       -70.2348447,
       43.6526548
      ],
      [
       -70.2347483,
       43.6525637
      ],
      [
       -70.2346557,
       43.6524762
      ],
      [
       -70.2345741,
       43.6523989
      ],
      [
       -70.234463,
       43.6522939
      ],
      [
       -70.2335343,
       43.6515195
      ],
      [
       -70.2336522,
       43.6511933
      ],
      [
       -70.2338013,
       43.6509022
      ],
      [
       -70.2340682,
       43.6501425
      ],
      [
       -70.2343096,
       43.6494766
      ],
      [
       -70.2346452,
       43.6484996
      ],
      [
       -70.2347634,
       43.648242
      ],
      [
       -70.234843,
       43.6482738
      ],
      [
       -70.2349894,
       43.648331
      ],
      [
       -70.2352339,
       43.6484285
      ],
      [
       -70.2354234,
       43.648506
      ],
      [
       -70.2356564,
       43.6486029
      ],
      [
       -70.2359017,
       43.6487008
      ],
      [
       -70.2361328,
       43.6487883
      ],
      [
       -70.2363169,
       43.6488632
      ],
      [
       -70.2365237,
       43.6489449
      ],
      [
       -70.236615,
       43.6489808
      ],
      [
       -70.2367405,
       43.6490301
      ],
      [
       -70.2368919,
       43.6490909
      ],
      [
       -70.2372501,
       43.6492341
      ],
      [
       -70.2376464,
       43.6493896
      ],
      [
       -70.2378285,
       43.649461
      ],
      [
       -70.2379191,
       43.6495008
      ],
      [
       -70.2380359,
       43.6494851
      ],
      [
       -70.2380518,
       43.6494811
      ],
      [
       -70.2381349,
       43.6496539
      ],
      [
       -70.2382062,
       43.649754
      ],
      [
       -70.238288,
       43.6498466
      ],
      [
       -70.2383782,
       43.6499073
      ],
      [
       -70.2385271,
       43.6499665
      ],
      [
       -70.2386036,
       43.6499969
      ],
      [
       -70.2385152,
       43.6501368
      ],
      [
       -70.2384034,
       43.6501012
      ],
      [
       -70.2374866,
       43.650696
      ],
      [
       -70.2375987,
       43.6507923
      ],
      [
       -70.2373558,
       43.6509393
      ],
      [
       -70.2370406,
       43.6511167
      ],
      [
       -70.2367639,
       43.6512772
      ],
      [
       -70.2364335,
       43.6514681
      ],
      [
       -70.2361288,
       43.6516447
      ],
      [
       -70.2358205,
       43.6518126
      ],
      [
       -70.2374737,
       43.6533179
      ],
      [
       -70.2378699,
       43.6536888
      ]
     ]
    ]
   },
   "properties": {
    "osm_way_id": 1354720145,
    "structure_type": "industrial_parcel",
    "name": "Yard South",
    "farm_id": "",
    "used_in_analysis": "N",
    "exclusion_reason": "shipyard (no tanks)"
   }
  },
  {
   "type": "Feature",
   "geometry": {
    "type": "Polygon",
    "coordinates": [
     [
      [
       -70.2814656,
       43.6429811
      ],
      [
       -70.2799114,
       43.6433839
      ],
      [
       -70.2798131,
       43.64337
      ],
      [
       -70.2797523,
       43.6432929
      ],
      [
       -70.2796939,
       43.6433968
      ],
      [
       -70.2788758,
       43.6434179
      ],
      [
       -70.2787612,
       43.6434364
      ],
      [
       -70.278513,
       43.6434414
      ],
      [
       -70.2785071,
       43.6434645
      ],
      [
       -70.2782306,
       43.6434791
      ],
      [
       -70.2780344,
       43.6432488
      ],
      [
       -70.2779091,
       43.6430894
      ],
      [
       -70.2778218,
       43.6427987
      ],
      [
       -70.2776409,
       43.6426686
      ],
      [
       -70.2773941,
       43.6427135
      ],
      [
       -70.2767945,
       43.6430699
      ],
      [
       -70.2766759,
       43.6430587
      ],
      [
       -70.2765695,
       43.6430186
      ],
      [
       -70.2762914,
       43.642738
      ],
      [
       -70.2758085,
       43.6426668
      ],
      [
       -70.2757521,
       43.6425123
      ],
      [
       -70.2755644,
       43.6425401
      ],
      [
       -70.2744342,
       43.6426851
      ],
      [
       -70.2743923,
       43.6425871
      ],
      [
       -70.2742467,
       43.6422104
      ],
      [
       -70.2750589,
       43.6420478
      ],
      [
       -70.2748997,
       43.6417141
      ],
      [
       -70.2750516,
       43.6416792
      ],
      [
       -70.2752159,
       43.6420497
      ],
      [
       -70.2760327,
       43.641827
      ],
      [
       -70.2761779,
       43.641804
      ],
      [
       -70.2763649,
       43.6418498
      ],
      [
       -70.2766023,
       43.6418156
      ],
      [
       -70.2768318,
       43.6417525
      ],
      [
       -70.2773024,
       43.6416859
      ],
      [
       -70.2776707,
       43.6416952
      ],
      [
       -70.2779323,
       43.6416985
      ],
      [
       -70.2781806,
       43.6416742
      ],
      [
       -70.2785812,
       43.6415856
      ],
      [
       -70.2791441,
       43.6415134
      ],
      [
       -70.2788626,
       43.6411886
      ],
      [
       -70.2785061,
       43.6412578
      ],
      [
       -70.2783516,
       43.6412894
      ],
      [
       -70.2782198,
       43.6409384
      ],
      [
       -70.2804352,
       43.640519
      ],
      [
       -70.2805525,
       43.6408493
      ],
      [
       -70.2805933,
       43.6408928
      ],
      [
       -70.2802465,
       43.64113
      ],
      [
       -70.280343,
       43.6412459
      ],
      [
       -70.2804574,
       43.6412404
      ],
      [
       -70.2807704,
       43.6416713
      ],
      [
       -70.2810636,
       43.6420797
      ],
      [
       -70.2811479,
       43.642257
      ],
      [
       -70.2812271,
       43.6425115
      ],
      [
       -70.2812921,
       43.6427102
      ],
      [
       -70.2814027,
       43.6428391
      ],
      [
       -70.2814656,
       43.6429811
      ]
     ]
    ]
   },
   "properties": {
    "osm_way_id": 1449380363,
    "structure_type": "industrial_parcel",
    "name": "",
    "farm_id": "",
    "used_in_analysis": "N",
    "exclusion_reason": "industrial parcel with no mapped tanks or oil tag"
   }
  }
 ]
}